S12_001,S12_033
二月田,0
古島,4819
お台場海浜公園,16944
船の科学館,3590
テレコムセンター,13744
汐留,9045
台場,23436
有明,5061
国際展示場正門,20916
新橋,64852
竹芝,5006
芝浦ふ頭,5308
日の出,2282
青海,5673
新豊洲,3924
市場前,2583
有明テニスの森,3942
豊洲,22518
新石切,18030
長田,0
吉田,15150
荒本,14945
生駒,0
学研奈良登美ヶ丘,13706
白庭台,9076
学研北生駒,6150
ポートターミナル,879
中埠頭,2961
市民広場,14880
貿易センター,3131
三宮,72700
北埠頭,1774
南公園,4845
みなとじま,16660
中公園,8004
医療センター,14971
京コンピュータ前,3911
神戸空港,6822
岩瀬浜,376
競輪場前,71
東岩瀬,290
インテック本社前,351
大広田,148
蓮町,533
犬島新町,166
城川原,330
越中中島,206
粟島（大阪屋ショップ前）,272
下奥井,242
奥田中学校前,392
富山駅北,3151
盛岡,11371
御堂,50
二戸,878
小鳥谷,117
渋民,671
斗米,158
いわて沼宮内,920
厨川,3135
岩手川口,299
一戸,574
金田一温泉,204
滝沢,3104
小繋,15
奥中山高原,365
目時,0
好摩,1891
青山,3145
巣子,991
巣子,0
上総中野,128
大多喜,250
東総元,3
上総中川,8
国吉,140
久我原,6
上総東,34
西畑,11
小谷松,6
総元,7
西大原,15
新田野,12
大原,365
西長田,304
鷲塚針原,279
西別院,335
中角,92
新田塚,517
番田,26
福井口,527
三国,728
太郎丸,276
福大前西福井,2033
大関,150
三国神社,147
水居,73
あわら湯のまち,469
西春江,280
田原町,1588
下兵庫,165
三国港,320
本荘,103
志比堺,41
越前竹原,115
保田,14
山王,133
勝山,759
越前野中,53
松岡,435
発坂,106
光明寺,24
永平寺口,438
小舟渡,19
轟,81
下志比,85
比島,1
福井口,0
越前新保,547
越前開発,477
福井,6137
越前島橋,65
観音町,605
東藤島,119
新福井,49
追分口,90
東多良木,68
一武,123
木上,14
公立病院前,35
多良木,392
あさぎり,478
湯前,319
新鶴羽,8
肥後西村,458
おかどめ幸福,183
東免田,232
相良藩願成寺,773
川村,4
人吉温泉,807
平原,185
屋代高校前,2036
中軽井沢,1511
御代田,1578
軽井沢,2966
信濃追分,523
田中,2484
上田,10901
西上田,1979
戸倉,2309
坂城,1680
信濃国分寺,1269
大屋,2105
滋野,787
屋代,4353
テクノさかき,907
小諸,3176
篠ノ井,0
みどり中街,250
みどり中央,1536
みどり口,1328
和倉温泉,0
七尾,0
笠師保,27
田鶴浜,178
西岸,22
穴水,121
能登中島,119
能登鹿島,3
桐生,0
花輪,71
水沼,126
神戸,206
相老,748
通洞,40
上神梅,39
間藤,141
足尾,63
運動公園,90
小中,24
本宿,16
大間々,465
沢入,28
下新田,52
原向,2
中野,6
海部,0
宍喰,31
甲浦,41
福島,4068
角田,1465
南角田,28
大泉,510
保原,1046
卸町,641
高子,116
瀬上,307
兜,3
岡,118
上保原,431
二井田,68
北丸森,21
丸森,453
槻木,1144
横倉,21
富野,41
東船岡,179
梁川,496
福島学院前,694
向瀬上,62
新田,258
やながわ希望の森公園前,396
あぶくま,12
新豊田,14915
保見,1218
山口,1791
大門,2678
高蔵寺,10872
永覚,571
新上挙母,1583
八草,6139
末野原,2379
瀬戸市,6339
三河上郷,1875
北野桝塚,2137
中水野,3355
三河豊田,14299
篠原,281
瀬戸口,4085
愛環梅坪,1905
四郷,1390
貝津,1062
北岡崎,3590
岡崎,10395
中岡崎,3830
六名,1392
杁ヶ池公園,3263
陶磁資料館南,426
公園西,2570
愛・地球博記念公園,4911
芸大通,2097
長久手古戦場,6887
はなみずき通,2947
八草,7294
藤が丘,19781
多宝塔,804
山門,804
河芸,96
伊勢上野,113
鈴鹿サーキット稲生,263
中瀬古,258
鈴鹿,526
玉垣,389
徳田,38
河原田,258
東一身田,124
津,545
稲梓,61
伊豆熱川,1122
蓮台寺,795
片瀬白田,416
河津,1675
伊豆北川,73
伊豆急下田,3558
南伊東,1233
今井浜海岸,288
富戸,413
城ヶ崎海岸,776
伊豆高原,3289
伊豆稲取,1668
伊豆大川,293
伊東,0
川奈,1563
十国登り口,476
十国峠,476
修善寺,4899
三島,17000
大仁,2533
韮山,2923
牧之郷,452
伊豆長岡,4953
三島二日町,3015
原木,679
大場,4977
三島田町,2703
田京,2593
伊豆仁田,3267
三島広小路,3895
穴部,1330
和田河原,3162
小田原,17583
岩原,1603
大雄山,5135
井細田,3453
緑町,473
相模沼田,2990
五百羅漢,1462
塚原,2333
飯田岡,1783
富士フイルム前,1342
いよ立花,2272
久米,2790
福音寺,1636
横河原,1235
牛渕,214
愛大医学部南口,1313
牛渕団地前,937
平井,966
田窪,781
鷹ノ子,1074
松山市,0
石手川公園,457
北久米,1161
見奈良,738
梅本,1589
南堀端,0
松山市駅前,8309
松山市,0
余戸,2456
土橋,983
岡田,977
鎌田,1049
古泉,2317
土居田,2379
松前,1054
地蔵町,518
郡中,1071
郡中港,1081
新川,674
古町,4887
松山市,19364
大手町,2700
西衣山,1193
衣山,2198
三津,1988
山西,2451
梅津寺,312
高浜,1261
港山,325
本町1丁目,0
市役所前,820
南町,1148
大街道,5383
道後温泉,3194
勝山町,1700
南堀端,714
上一万,1573
道後公園,741
平和通1丁目,0
警察署前,1065
県庁前,927
平和通1丁目,351
木屋町,670
鉄砲町,765
高砂町,327
萱町6丁目,383
古町,0
赤十字病院前,1542
清水町,457
本町6丁目,1017
古町,0
大手町,576
松山駅前,4109
宮田町,946
西堀端,552
本町1丁目,0
本町5丁目,79
本町4丁目,75
本町6丁目,1017
本町3丁目,79
総社,202
清音,1424
神辺,503
御領,93
いずえ,56
吉備真備,514
備中呉妹,87
小田,100
矢掛,733
湯野,132
子守唄の里高屋,192
三谷,65
井原,801
早雲の里荏原,209
川辺宿,189
川跡,0
遥堪,38
高浜,87
浜山公園北口,219
出雲大社前,1015
旅伏,117
伊野灘,46
松江フォーゲルパーク,49
園,76
湖遊館新,43
川跡,325
朝日ヶ丘,222
長江,23
布崎,138
松江しんじ湖温泉,1910
大津町,271
高ノ宮,27
松江イングリッシュガーデン前,114
武志,62
美談,38
雲州平田,1072
出雲科学館パークタウン前,45
大寺,20
秋鹿町,147
一畑口,126
津ノ森,209
電鉄出雲市,1442
木野,516
市原,1003
八幡前,870
岩倉,1667
京都精華大前,1168
宝ヶ池,0
鞍馬,1944
二軒茶屋,1699
二ノ瀬,99
貴船口,1746
修学院,3750
八瀬比叡山口,1261
一乗寺,3004
出町柳,16682
茶山,2904
三宅八幡,900
元田中,1122
宝ヶ池,1051
遠州小松,2051
上島,3380
浜北,3487
遠州芝本,1309
自動車学校前,1933
八幡,2092
遠州病院,2044
遠州岩水寺,853
新浜松,16099
さぎの宮,2261
積志,1789
美薗中央公園,2167
遠州西ヶ崎,1715
遠州小林,2658
助信,2584
曳馬,2531
第一通り,3077
西鹿島,2980
みなとみらい,84887
元町・中華街,62659
新高島,6082
馬車道,39016
日本大通り,25938
横浜,200276
吉野町,15403
阪東橋,20551
港南中央,18499
伊勢佐木長者町,16373
上大岡,74723
弘明寺,20022
蒔田,22414
関内,0
湘南台,48800
踊場,18847
舞岡,5421
上永谷,36935
下永谷,11225
中田,18105
立場,22522
戸塚,89349
下飯田,6493
仲町台,32205
高島町,9662
北新横浜,12536
三ツ沢上町,16873
新羽,21164
岸根公園,11672
片倉町,22558
三ツ沢下町,12506
横浜,141376
センター北,58701
新横浜,71952
桜木町,37824
関内,45043
センター南,59199
あざみ野,80153
中川,19017
八景島,4784
産業振興センター,4540
野島公園,2774
幸浦,5640
海の公園柴口,2074
並木北,3464
鳥浜,7644
金沢八景,15478
並木中央,5036
新杉田,34056
海の公園南口,1586
南部市場,2814
福浦,3894
市大医学部,11102
柳川,0
田町,122
郵便局前,551
新西大寺町筋,155
大雲寺前,158
清輝橋,646
西川緑道公園,406
岡山駅前,7498
西大寺町,444
東山・おかでんミュージアム,2920
柳川,482
県庁通り,1948
門田屋敷,623
城下,2238
中納言,308
小橋,202
壺川,4338
牧志,7181
安里,4149
県庁前,13871
美栄橋,5961
旭橋,6817
儀保,3163
那覇空港,12757
首里,7204
おもろまち,11509
市立病院前,1670
小禄,7582
赤嶺,4423
奥武山公園,3987
養鱒公園,23
七ヶ岳登山口,8
湯野上温泉,206
芦ノ牧温泉,160
南若松,31
田島高校前,155
会津荒海,56
ふるさと公園,29
中荒井,19
会津下郷,197
門田,2
塔のへつり,60
会津田島,618
あまや,10
会津山村道場,20
芦ノ牧温泉南,12
大川ダム公園,2
会津長野,18
弥五島,69
西若松,466
会津高原尾瀬口,88
岳南原田,263
須津,168
ジヤトコ前(ジヤトコ1地区前),115
比奈,142
岳南富士岡,311
吉原,2016
吉原本町,1079
岳南江尾,157
本吉原,353
神谷,121
基山,787
松崎,368
大板井,151
高田,65
小郡,1000
立野,68
今隈,125
西太刀洗,192
山隈,212
甘木,688
太刀洗,221
黒部ダム,4075
扇沢,4075
大宝,95
黒子,192
下館,1251
騰波ノ江,79
下妻,1733
大田郷,367
中妻,232
寺原,1857
宗道,254
戸頭,6040
取手,11332
北水海道,447
石下,853
守谷,15630
新取手,1997
西取手,2480
南守谷,2426
稲戸井,1488
小絹,1988
南石下,265
三妻,242
玉村,87
水海道,2973
新守谷,2564
入地,66
竜ヶ崎,2568
佐貫,2621
紀伊御坊,65
御坊,0
市役所前,45
西御坊,40
学門,80
井の頭公園,7042
吉祥寺,147437
三鷹台,23062
駒場東大前,39417
神泉,10702
明大前,0
渋谷,360845
永福町,33333
東松原,18751
浜田山,30489
新代田,9835
高井戸,43994
久我山,40261
富士見ヶ丘,14050
下北沢,114367
池ノ上,9867
西永福,18377
仙川,81630
代田橋,20123
笹塚,81557
幡ヶ谷,32314
桜上水,39110
八幡山,43260
芦花公園,14587
新宿,786052
下高井戸,45586
上北沢,15859
明大前,108231
初台,64347
千歳烏山,82167
新宿,0
調布,125624
高幡不動,60612
北野,23011
飛田給,26779
長沼,4211
つつじヶ丘,45393
柴崎,18153
中河原,25961
東府中,21342
武蔵野台,25728
百草園,7823
布田,16629
平山城址公園,8707
多磨霊園,12818
国領,39097
京王八王子,59375
分倍河原,94116
西調布,17496
南平,10739
聖蹟桜ヶ丘,64142
府中,90224
東府中,0
府中競馬正門前,3175
高尾,27653
山田,5303
めじろ台,17804
京王片倉,4936
北野,0
高尾山口,11308
狭間,7849
京王よみうりランド,13694
橋本,97219
京王堀之内,32268
南大沢,64366
京王多摩センター,87411
多摩境,20487
若葉台,27400
京王永山,46433
稲城,21346
調布,0
京王稲田堤,55181
京王多摩川,17686
多摩動物公園,6602
高幡不動,0
宇治,6209
木幡,5155
桃山南口,4738
中書島,0
六地蔵,8876
黄檗,5409
三室戸,4102
観月橋,4371
神宮丸太町,8575
出町柳,38428
三条,0
清水五条,9445
祇園四条,55792
東福寺,17042
七条,14817
三条,38490
中書島,0
香里園,50992
大和田,19052
淀,15982
守口市,31959
樟葉,55432
伏見桃山,11014
御殿山,11576
枚方公園,18299
萱島,23373
寝屋川市,55030
中書島,12350
西三荘,16264
伏見稲荷,13605
丹波橋,45615
藤森,12716
門真市,25907
橋本,5044
墨染,7668
光善寺,17749
八幡市,9150
鳥羽街道,3127
枚方市,81336
深草,8906
古川橋,19938
牧野,19956
土居,4932
北浜,29421
淀屋橋,96566
天満橋,48027
京橋,0
森小路,8636
千林,8232
関目,12625
京橋,157302
野江,10837
滝井,5342
上栄町,1393
四宮,2037
大谷,319
京阪山科,3981
追分,1511
びわ湖浜大津,0
御陵,0
河内森,8925
宮之阪,4943
星ヶ丘,4465
私市,2539
交野市,9191
村野,4866
郡津,5771
枚方市,0
男山山上,0
八幡市,0
南滋賀,1891
石場,2796
三井寺,1693
膳所本町,2582
錦,1928
京阪石山,7696
びわ湖浜大津,5532
粟津,1389
京阪大津京,6206
滋賀里,2033
京阪膳所,6618
坂本比叡山口,2935
松ノ馬場,1464
近江神宮前,1358
大津市役所前,2984
瓦ヶ浜,1284
中ノ庄,1509
穴太,883
島ノ関,1966
石山寺,2559
唐橋前,1966
青砥,0
京成曳舟,18962
押上,28322
八広,11993
四ツ木,15737
京成立石,38856
京成高砂,0
京成金町,25881
柴又,10050
千葉中央,0
千葉寺,4907
大森台,2824
ちはら台,5825
学園前,4976
おゆみ野,5031
京成津田沼,0
新千葉,1829
みどり台,7524
京成稲毛,6998
京成千葉,28197
検見川,4022
千葉中央,17861
西登戸,2631
京成幕張,8206
京成幕張本郷,16297
京成成田,0
東成田,1723
成田空港,24837
空港第2ビル,28239
京成大和田,12487
志津,16270
京成西船,10686
京成佐倉,18789
大神宮下,4789
京成八幡,35584
京成大久保,34705
実籾,24514
谷津,10906
ユーカリが丘,21963
京成成田,36924
京成津田沼,59560
船橋競馬場,20611
勝田台,53800
宗吾参道,2628
公津の杜,12602
海神,5411
東中山,6902
鬼越,5494
八千代台,46843
京成中山,3787
京成臼井,20639
大佐倉,371
京成船橋,94507
京成酒々井,6807
京成関屋,25279
堀切菖蒲園,22019
菅野,4205
千住大橋,15385
京成上野,49028
江戸川,5800
日暮里,103528
青砥,50364
新三河島,5977
国府台,12710
町屋,20655
京成小岩,18151
京成高砂,104223
市川真間,7418
お花茶屋,33442
今出川,27675
烏丸御池,106440
鞍馬口,9911
九条,5047
北山,14083
国際会館,25932
四条,97980
京都,123360
松ヶ崎,11786
五条,13852
丸太町,21796
北大路,0
北大路,30328
竹田,29998
十条,7184
くいな橋,5711
山科,43490
東野,11169
蹴上,10713
二条城前,8640
京都市役所前,27075
御陵,14124
二条,19471
東山,19731
烏丸御池,0
烏丸御池,0
三条京阪,25875
小野,7003
六地蔵,13243
椥辻,16151
石田,6506
醍醐,12295
三崎口,17854
北久里浜,26595
ＹＲＰ野比,18937
新大津,6900
津久井浜,6568
京急長沢,7289
三浦海岸,11681
堀ノ内,0
京急久里浜,44003
京急蒲田,0
穴守稲荷,18698
糀谷,26918
大鳥居,30551
天空橋,19836
羽田空港国内線ターミナル,90516
新逗子,25315
神武寺,7087
六浦,16260
金沢八景,0
京急川崎,0
鈴木町,10081
小島新田,21740
東門前,12616
港町,8147
産業道路,10523
川崎大師,17729
大森海岸,14642
立会川,19096
青物横丁,42941
北品川,9612
品川,284888
新馬場,16867
鮫洲,10821
泉岳寺,0
堀ノ内,12395
金沢八景,58882
京急川崎,129351
京急蒲田,61746
京急蒲田,0
安針塚,4872
京急鶴見,32705
杉田,34651
南太田,17625
汐入,21588
逸見,5256
大森町,21415
京急新子安,8517
八丁畷,15703
追浜,42366
雑色,31106
生麦,29679
弘明寺,30386
花月園前,6801
横須賀中央,67293
能見台,31056
上大岡,144504
金沢文庫,70524
馬堀海岸,9406
神奈川,4637
浦賀,21064
黄金町,22576
戸部,16011
井土ヶ谷,29115
仲木戸,22996
屏風浦,17942
鶴見市場,20877
横浜,323668
京急富岡,22843
子安,7740
県立大学,12450
京急田浦,12838
神奈川新町,19267
京急大津,5102
梅屋敷,15879
六郷土手,15823
日ノ出町,28391
平和島,47873
ケーブル比叡,655
ケーブル八瀬,655
妙心寺,555
北野白梅町,3286
龍安寺,1140
常盤,1399
等持院,794
宇多野,517
鳴滝,925
御室仁和寺,615
帷子ノ辻,0
鹿王院,1168
西院,5004
西大路三条,985
四条大宮,5790
蚕ノ社,739
嵐電嵯峨,1630
車折神社,2468
嵐山,4269
山ノ内,1001
太秦広隆寺,1497
有栖川,2104
帷子ノ辻,3386
南桑,0
河山,0
柳瀬,0
根笠,0
錦町,0
川西,0
椋野,0
南河内,0
行波,0
守内かさ神,0
北河内,0
清流新岩国,0
大和西大寺,0
尼ヶ辻,5588
西ノ京,7288
九条,4937
平端,4237
石見,2136
田原本,13173
笠縫,2615
近鉄郡山,18377
大和八木,0
新ノ口,4092
ファミリー公園前,434
八木西口,6032
平端,0
畝傍御陵前,3872
筒井,7960
結崎,4053
橿原神宮前,18862
大阿太,108
越部,512
下市口,2814
吉野神宮,462
福神,1669
壺阪山,1224
葛,377
吉野口,0
岡寺,1435
六田,788
飛鳥,2363
吉野,449
市尾,456
橿原神宮前,0
薬水,109
大和上市,580
京都,82414
東寺,8742
伊勢田,7340
山田川,4874
大久保,24813
富野荘,6613
狛田,2311
木津川台,2381
三山木,4441
向島,16517
竹田,0
桃山御陵前,14997
近鉄丹波橋,46795
新田辺,25881
上鳥羽口,7650
小倉,16453
伏見,7132
十条,6050
久津川,7250
近鉄宮津,390
高の原,35623
新祝園,14984
平城,3323
興戸,10227
寺田,10787
大和西大寺,46530
近鉄新庄,2487
近鉄御所,3430
忍海,1699
尺土,0
松ヶ崎,1053
伊勢中川,0
明野,1949
小俣,665
斎宮,1463
伊勢市,10097
明星,1198
東松阪,2043
漕代,337
櫛田,1098
宮町,1204
伊勢中原,389
松阪,16020
宇治山田,8870
船津,200
志摩神明,249
穴川,57
鵜方,1956
志摩赤崎,433
沓掛,24
上之郷,106
松尾,147
賢島,1197
志摩磯部,698
中之郷,328
加茂,210
白木,34
五知,20
志摩横山,185
鳥羽,0
服部川,2274
信貴山口,1402
河内山本,0
生駒山上,212
宝山寺,725
霞ヶ丘,0
梅屋敷,7
鳥居前,888
生駒,0
南生駒,5272
一分,5418
菜畑,3935
勢野北口,1896
信貴山下,3187
竜田川,2095
王寺,10150
平群,3308
東山,3802
元山上口,1768
萩の台,2927
高安山,34
信貴山口,0
大三,441
東青山,26
赤目口,1447
伊勢石橋,81
西青山,1
美旗,1592
青山町,1983
川合高岡,791
名張,12396
伊賀上津,99
榊原温泉口,1010
桔梗が丘,6608
伊勢中川,0
鶴橋,160158
今里,10671
布施,0
大阪上本町,0
大阪上本町,0
大阪上本町,0
法善寺,3790
関屋,4459
室生口大野,1236
大和八木,30854
榛原,9900
三本松,158
大和朝倉,2160
大和高田,16446
堅下,3799
二上,8710
松塚,1299
安堂,2217
恩智,4671
長瀬,31810
弥刀,10814
久宝寺口,5314
耳成,3917
築山,2910
高安,11538
桜井,17137
大阪教育大前,6455
長谷寺,989
河内山本,19878
近鉄下田,4630
五位堂,26373
大福,1698
真菅,5127
河内国分,15804
近鉄八尾,35762
俊徳道,6462
川西,3760
喜志,17612
滝谷不動,6600
河内長野,12563
汐ノ宮,2552
富田林,13768
古市,0
富田林西口,6557
池の浦,795
鳥羽,4541
宇治山田,0
五十鈴川,2323
朝熊,128
平端,0
前栽,4012
二階堂,3532
天理,10274
佐味田川,1570
黒田,654
新王寺,7080
但馬,796
箸尾,1777
西田原本,4809
池部,1216
大輪田,2378
桜,3501
高角,1051
中菰野,1023
湯の山温泉,555
伊勢川島,2354
菰野,2499
大羽根園,790
伊勢松本,2599
中川原,1499
近鉄四日市,0
柏原南口,735
道明寺,0
柏原,0
生駒,49283
石切,9313
河内永和,11260
河内花園,11431
東生駒,17685
額田,3535
枚岡,5168
河内小阪,27790
若江岩田,14772
新大宮,29375
富雄,28974
瓢箪山,23378
八戸ノ里,25686
学園前,54483
近鉄奈良,54727
東花園,17841
菖蒲池,13337
大和西大寺,0
布施,38240
小古曽,0
赤堀,0
追分,0
南日永,0
泊,0
日永,0
内部,0
あすなろう四日市,0
当麻寺,1464
河内松原,29540
土師ノ里,7167
布忍,4990
高見ノ里,6490
上ノ太子,4892
尺土,4326
河堀口,3192
高鷲,6672
大阪阿部野橋,162779
橿原神宮前,0
磐城,1383
浮孔,1569
今川,4391
河内天美,16841
恵我ノ荘,10801
坊城,3155
藤井寺,36447
駒ヶ谷,1793
二上山,1141
針中野,9727
橿原神宮西口,2157
矢田,9346
二上神社口,833
高田市,7696
北田辺,5046
道明寺,6345
古市,21039
近鉄日本橋,48028
大阪難波,0
大阪上本町,74928
大阪上本町,0
西日野,0
日永,0
伏屋,5364
近鉄名古屋,106751
烏森,4490
近鉄八田,3792
黄金,2475
米野,830
伊勢朝日,3996
近鉄長島,2803
近鉄富田,21527
佐古木,2758
益生,2319
近鉄蟹江,12304
川原町,1754
霞ヶ浦,3189
川越富洲原,6017
阿倉川,4389
桑名,29695
戸田,4059
富吉,5394
近鉄弥富,11762
南が丘,2948
津新町,12295
白塚,1804
近鉄四日市,45694
長太ノ浦,1295
久居,10174
千里,2568
箕田,960
高田本山,2093
海山道,1480
桃園,342
楠,1536
白子,14764
塩浜,6458
新正,1385
江戸橋,8019
伊勢若松,1999
鼓ヶ浦,1117
磯山,1513
豊津上野,1305
北楠,1705
千代崎,2327
津,33676
伊勢中川,7229
平田町,5154
鈴鹿市,3224
三日市,1227
柳,241
伊勢若松,0
多賀大社前,199
高宮,0
八日市,0
平田,295
太郎坊宮前,251
新八日市,908
武佐,314
市辺,367
近江八幡,4410
尼子,353
長谷野,148
水口松尾,104
桜川,242
河辺の森,22
朝日野,72
豊郷,258
高宮,230
彦根,2130
朝日大塚,139
彦根口,809
八日市,3538
米原,346
京セラ前,108
鳥居本,198
日野,853
愛知川,705
五箇荘,144
大学前,169
水口,648
水口石橋,108
貴生川,1345
水口城南,918
フジテック前,586
日向前田,0
小林,0
えびの上江,0
西小林,0
高原,0
広原,0
えびの,0
えびの飯野,0
鶴丸,0
京町温泉,0
吉松,0
都城,0
日向庄内,0
高崎新田,0
谷頭,0
万ヶ塚,0
東高崎,0
筑後吉井,0
日田,0
向之原,0
南由布,0
杉河内,0
天神山,0
小野屋,0
豊後国分,0
恵良,0
筑後大石,0
由布院,0
庄内,0
光岡,0
南大分,0
古国府,0
豊後中川,0
天ヶ瀬,0
豊後森,0
鬼瀬,0
引治,0
豊後中村,0
田主丸,0
豊後三芳,0
北山田,0
野矢,0
うきは,0
湯平,0
賀来,0
大分,0
大分,0
夜明,0
御井,0
南久留米,0
筑後草野,0
善導寺,0
久留米大学前,0
久留米,0
田吉,0
宮崎空港,0
出水,0
新八代,0
新水俣,0
鹿児島中央,0
川内,0
船尾,0
上三緒,0
下鴨生,0
筑前庄内,0
田川後藤寺,0
新飯塚,0
土井,0
西戸崎,0
須恵,0
和白,0
舞松原,0
香椎神宮,0
新原,0
伊賀,0
酒殿,0
長者原,0
雁ノ巣,0
宇美,0
香椎,0
海ノ中道,0
須恵中央,0
奈多,0
三間坂,0
肥前山口,0
高橋,0
北方,0
永尾,0
大町,0
日宇,0
武雄温泉,0
三河内,0
有田,0
大塔,0
上有田,0
佐世保,0
早岐,0
三角,0
緑川,0
住吉,0
網田,0
赤瀬,0
石打ダム,0
肥後長浜,0
波多浦,0
宇土,0
門司,0
下関,0
南鹿児島,0
入野,0
谷山,0
開聞,0
枕崎,0
平川,0
瀬々串,0
白沢,0
松ヶ浦,0
生見,0
前之浜,0
指宿,0
薩摩塩屋,0
坂之上,0
中名,0
頴娃大川,0
水成川,0
頴娃,0
喜入,0
薩摩今和泉,0
郡元,0
鹿児島中央,0
宮ヶ浜,0
東開聞,0
五位野,0
西大山,0
薩摩板敷,0
鹿児島中央,0
慈眼寺,0
御領,0
石垣,0
薩摩川尻,0
大山,0
宇宿,0
山川,0
西頴娃,0
枝光,0
八幡,0
小倉,0
折尾,0
門司港,0
九州工大前,0
折尾,0
小倉,0
黒崎,0
門司,0
水巻,0
陣原,0
小森江,0
陣原,0
スペースワールド,0
西小倉,0
戸畑,0
門司,0
海老津,0
笹原,0
西牟田,0
荒木,0
瀬高,0
久留米,0
遠賀川,0
東福間,0
千鳥,0
吉塚,0
南福岡,0
赤間,0
田代,0
福工大前,0
水城,0
二日市,0
羽犬塚,0
大野城,0
春日,0
九産大前,0
肥前旭,0
香椎,0
竹下,0
教育大前,0
博多,0
都府楼南,0
千早,0
古賀,0
弥生が丘,0
箱崎,0
けやき台,0
基山,0
南瀬高,0
福間,0
原田,0
東郷,0
天拝山,0
鳥栖,0
小川,0
松橋,0
荒尾,0
渡瀬,0
木葉,0
長洲,0
田原坂,0
川尻,0
植木,0
肥後伊倉,0
上熊本,0
宇土,0
崇城大学前,0
熊本,0
南荒尾,0
有佐,0
吉野,0
大野下,0
新八代,0
千丁,0
玉名,0
銀水,0
西里,0
大牟田,0
八代,0
川内,0
鹿児島中央,0
鹿児島中央,0
鹿児島,0
東市来,0
市来,0
木場茶屋,0
串木野,0
薩摩松元,0
湯之元,0
上伊集院,0
伊集院,0
隈之城,0
原町,0
篠栗,0
筑前山手,0
九郎原,0
長者原,0
筑前大分,0
柚須,0
城戸南蔵院前,0
門松,0
吉塚,0
桂川,0
早岐,0
川棚,0
彼杵,0
南風崎,0
岩松,0
小串郷,0
諏訪,0
千綿,0
大村,0
ハウステンボス,0
松原,0
竹松,0
諫早,0
九大学研都市,0
波多江,0
今宿,0
周船寺,0
下山門,0
姪浜,0
福吉,0
美咲が丘,0
上伊万里,0
和多田,0
佐里,0
虹ノ松原,0
桃川,0
唐津,0
鹿家,0
東唐津,0
加布里,0
大入,0
駒鳴,0
西相知,0
大川野,0
筑前前原,0
一貴山,0
肥前久保,0
肥前長野,0
金石原,0
浜崎,0
筑前深江,0
山本,0
伊万里,0
折尾,0
筑前垣生,0
若松,0
本城,0
藤ノ木,0
中間,0
奥洞海,0
東水巻,0
東水巻,0
鞍手,0
二島,0
飯塚,0
勝野,0
鯰田,0
新飯塚,0
浦田,0
直方,0
新入,0
筑前植木,0
小竹,0
筑前内野,0
上穂波,0
桂川,0
筑前山家,0
天道,0
原田,0
吉野ヶ里公園,0
鳥栖,0
肥前麓,0
中原,0
伊賀屋,0
神埼,0
久保田,0
佐賀,0
鍋島,0
牛津,0
肥前竜王,0
肥前白石,0
肥前山口,0
長崎,0
肥前七浦,0
肥前長田,0
小長井,0
肥前古賀,0
大草,0
高田,0
西浦上,0
西諫早,0
長与,0
東諫早,0
喜々津,0
道ノ尾,0
多良,0
東園,0
肥前飯田,0
湯江,0
長里,0
肥前浜,0
肥前鹿島,0
小江,0
本川内,0
肥前大浦,0
浦上,0
市布,0
現川,0
諫早,0
久保田,0
鬼塚,0
相知,0
山本,0
岩屋,0
多久,0
小城,0
中多久,0
厳木,0
西唐津,0
東多久,0
唐津,0
本牟田部,0
城野,0
志井,0
志井公園,0
石田,0
宝珠山,0
夜明,0
採銅所,0
池尻,0
大鶴,0
田川後藤寺,0
西添田,0
添田,0
呼野,0
一本松,0
豊前川崎,0
香春,0
今山,0
石原町,0
豊前桝田,0
筑前岩屋,0
彦山,0
大行司,0
田川伊田,0
南宮崎,0
日向北方,0
田吉,0
福島今町,0
伊比井,0
大堂津,0
北郷,0
内之田,0
子供の国,0
谷之口,0
小内海,0
南方,0
青島,0
大隅夏井,0
油津,0
折生迫,0
木花,0
南郷,0
榎原,0
曽山寺,0
飫肥,0
日向大束,0
日南,0
串間,0
内海,0
運動公園,0
志布志,0
福島高松,0
坂ノ市,0
臼杵,0
大在,0
佐志生,0
熊崎,0
幸崎,0
下ノ江,0
下曽根,0
小倉,0
西小倉,0
南小倉,0
朽網,0
安部山公園,0
城野,0
暘谷,0
高城,0
東中津,0
宇島,0
豊前松江,0
新田原,0
大神,0
西屋敷,0
苅田,0
築城,0
日出,0
牧,0
豊前善光寺,0
天津,0
中津,0
別府,0
椎田,0
西大分,0
南行橋,0
三毛門,0
豊前長洲,0
亀川,0
別府大学,0
杵築,0
吉富,0
立石,0
小波瀬西工大前,0
立石,0
東別府,0
中山香,0
豊後豊岡,0
宇佐,0
行橋,0
鶴崎,0
今津,0
柳ヶ浦,0
大分,0
大分,0
高鍋,0
日向新富,0
美々津,0
市棚,0
上岡,0
狩生,0
宗太郎,0
北延岡,0
財光寺,0
佐土原,0
東都農,0
宮崎神宮,0
門川,0
宮崎,0
南日向,0
直川,0
重岡,0
旭ヶ丘,0
津久見,0
日代,0
日向住吉,0
日向長井,0
海崎,0
佐伯,0
都農,0
浅海井,0
南延岡,0
蓮ヶ池,0
上臼杵,0
川南,0
土々呂,0
直見,0
北川,0
延岡,0
南宮崎,0
日向市,0
国分,0
北永野田,0
財部,0
姶良,0
餅原,0
重富,0
五十市,0
清武,0
北俣,0
加治木,0
霧島神宮,0
青井岳,0
西都城,0
田野,0
隼人,0
都城,0
加納,0
山之口,0
大隅大川原,0
竜ヶ水,0
錦江,0
三股,0
帖佐,0
日向沓掛,0
鹿児島,0
植村,0
吉尾,0
球泉洞,0
吉松,0
葉木,0
真幸,0
海路,0
白石,0
人吉,0
大隅横川,0
大畑,0
段,0
矢岳,0
坂本,0
栗野,0
瀬戸石,0
鎌瀬,0
西人吉,0
那良口,0
渡,0
一勝地,0
八代,0
隼人,0
中福良,0
霧島温泉,0
表木山,0
嘉例川,0
日当山,0
敷戸,0
中判田,0
竹中,0
大分大学前,0
滝尾,0
大分,0
大分,0
犬飼,0
赤水,0
豊後荻,0
阿蘇,0
市ノ川,0
いこいの村,0
滝水,0
内牧,0
瀬田,0
宮地,0
玉来,0
立野,0
三重町,0
波野,0
肥後大津,0
豊後竹田,0
原水,0
朝地,0
緒方,0
菅尾,0
豊後清川,0
水前寺,0
武蔵塚,0
平成,0
東海学園前,0
南熊本,0
新水前寺,0
竜田口,0
三里木,0
熊本,0
光の森,0
河原町,504
水道町,3415
慶徳校前,709
熊本城・市役所前,2796
花畑町,2160
辛島町,4767
呉服町,821
通町筋,7412
熊本駅前,0
祗園橋,446
健軍交番前,652
動植物園入口,579
八丁馬場,586
商業高校前,920
健軍町,6028
市立体育館前（県庁通）,1148
健軍校前,1103
神水・市民病院前,1280
水前寺公園,1323
県立体育館前,244
蔚山町（護国神社前）,672
新町,781
段山町,605
上熊本駅前,1927
西辛島町,357
本妙寺入口,331
杉塘,194
洗馬橋,581
辛島町,0
水前寺公園,0
味噌天神前,884
国府,895
交通局前,1463
新水前寺駅前,4737
九品寺交差点,1877
水道町,0
二本木口,443
田崎橋,943
熊本駅前,7203
上熊本,999
坪井川公園,233
黒石,903
新須屋,819
御代志,1086
熊本高専前,387
須屋,405
再春荘前,152
韓々坂,224
亀井,473
八景水谷,329
打越,106
北熊本,1109
三ツ石,358
堀川,701
池田,102
藤崎宮前,2852
黒髪町,674
北熊本,0
御岳山,713
滝本,746
安東,8028
城北,2081
大町,9477
上安,4911
西原,7537
伴中央,1453
県庁前,14823
毘沙門台,4192
大塚,1780
本通,22392
古市,4005
牛田,2309
長楽寺,3068
不動院前,4657
中筋,7992
広域公園前,2985
祗園新橋北,3902
白島,3091
大原,2971
伴,3082
高取,2913
広大附属学校前,2140
広電本社前,3321
宇品4丁目,1937
市役所前,3918
御幸橋,1564
日赤病院前,2725
袋町,2741
広島港(宇品),2316
県病院前,4007
本通,9392
海岸通,1916
宇品5丁目,1564
中電前,3188
宇品2丁目,2544
宇品3丁目,1859
皆実町6丁目,3915
元宇品口,1175
鷹野橋,3167
紙屋町東,0
紙屋町西,0
横川1丁目,1133
別院前,386
横川,7607
寺町,858
十日市町,821
比治山下,669
比治山橋,934
的場町,811
南区役所前,1990
皆実町2丁目,985
皆実町6丁目,1498
段原1丁目,557
広電阿品,3604
東高須,1955
広電西広島（己斐）,0
阿品東,584
山陽女子大前,3265
草津南,2167
地御前,1031
井口,2233
広電宮島口,6009
修大付属鈴峯前,4278
広電廿日市,3376
宮内,2286
草津,3038
楽々園,7194
広電五日市,7749
高須,3298
廿日市市役所前（平良）,3308
競艇場前,0
ＪＡ広島病院前,1674
古江,5605
商工センター入口,7159
佐伯区役所前,2641
江波,1962
舟入川口町,2209
舟入町,2083
舟入幸町,1317
舟入南町,2067
舟入本町,2153
土橋,0
白島,1946
家庭裁判所前,316
八丁堀,0
縮景園前,686
女学院前,296
八丁堀,2914
西観音町,1419
十日市町,4939
土橋,8140
的場町,2051
小網町,985
胡町,4467
天満町,1918
本川町,1934
十日市町,0
福島町,1368
観音町,1433
紙屋町西,17513
銀山町,3460
原爆ドーム前,3286
広島,29909
八丁堀,11234
紙屋町東,7880
猿猴橋町,2126
広電西広島（己斐）,13323
稲荷町,2063
立町,5535
津軽尾上,416
黒石,1594
館田,184
平賀,916
弘前,2784
尾上高校前,169
田舎館,179
新里,72
弘前東高前,300
境松,43
運動公園前,247
柏農高校前,215
弘高下,93
弘前学院大前,285
中央弘前,767
鯖石,80
石川,141
津軽大沢,107
石川プール前,44
宿川原,24
聖愛中高前,194
千年,179
義塾高校前,174
松木平,40
大鰐,395
小栗山,18
七里ヶ浜,7356
鎌倉,27194
柳小路,2657
鵠沼,4257
湘南海岸公園,1984
由比ヶ浜,2601
鎌倉高校前,4058
和田塚,1340
極楽寺,1890
石上,750
稲村ヶ崎,4384
長谷,10248
藤沢,23240
腰越,3065
江ノ島,10208
栗熊,618
岡田,526
仏生山,3124
瓦町,0
円座,1702
片原町,5305
畑田,253
陶,607
高松築港,12223
挿頭丘,378
三条,3060
滝宮,556
羽床,167
岡本,873
栗林公園,3225
一宮,1693
太田,4410
羽間,260
琴電琴平,1461
榎井,241
空港通り,1317
松島二丁目,544
六万寺,967
春日川,481
原,172
琴電志度,1114
房前,92
潟元,1897
沖松島,707
八栗,967
琴電屋島,799
塩屋,141
古高松,687
瓦町,0
今橋,704
大町,360
八栗新道,203
井戸,69
林道,1932
農学部前,737
学園通り,1266
高田,1435
花園,1051
西前田,137
平木,430
公文明,230
水田,1156
長尾,1074
元山,854
池戸,481
木太東口,939
白山,265
瓦町,14223
高尾山,3764
清滝,3764
欅平,2800
黒薙,100
宇奈月,4000
鐘釣,1000
トロッコ嵯峨,2700
トロッコ保津峡,20
トロッコ嵐山,2000
トロッコ亀岡,4500
稲野,7654
新伊丹,6706
塚口,0
伊丹,22946
烏丸,79934
河原町,78477
桂,45634
西院,39606
西京極,17861
大宮,26286
水無瀬,9504
茨木市,59000
上牧,9432
高槻市,58812
富田,18173
長岡天神,25365
総持寺,17154
東向日,12946
西向日,10229
洛西口,11807
南茨木,40886
大山崎,5876
淡路,32849
崇禅寺,5591
南方,37234
相川,16080
正雀,15604
上新庄,47599
十三,68183
苦楽園口,12174
甲陽園,10056
夙川,0
門戸厄神,20349
仁川,25202
甲東園,26815
逆瀬川,24614
今津,24320
西宮北口,0
宝塚南口,11499
阪神国道,3679
小林,15065
西宮北口,0
宝塚,0
神戸三宮,0
新開地,0
花隈,6730
高速神戸,0
十三,0
梅田,0
梅田,510643
中津,9739
神崎川,17860
西宮北口,100359
芦屋川,15527
夙川,27485
塚口,47351
塚口,0
園田,30701
岡本,28009
武庫之荘,48733
神戸三宮,106816
春日野道,10594
王子公園,18283
御影,16604
六甲,29516
下新庄,8565
豊津,13285
山田,23293
吹田,15378
関大前,28050
南千里,20544
千里山,15528
北千里,25949
柴島,4500
淡路,0
天神橋筋六丁目,0
三国,24887
曽根,24097
庄内,28301
中津,0
豊中,47953
十三,0
梅田,0
服部天神,23909
岡町,16773
宝塚,46046
清荒神,8402
石橋,44794
池田,46063
川西能勢口,57752
雲雀丘花屋敷,9975
中山観音,11665
山本,16762
蛍池,39869
売布神社,8369
箕面,14828
牧落,7703
桜井,10015
石橋,0
桂,0
上桂,7870
松尾大社,5054
嵐山,9390
住吉,0
北天下茶屋,102
聖天坂,192
今池,95
塚西,107
東粉浜,79
今船,103
東玉出,70
天神ノ森,160
恵美須町,667
新今宮駅前,704
松田町,104
住吉,874
大和川,116
浜寺駅前,853
宿院,595
我孫子道,2593
綾ノ町,488
石津,329
高須神社,396
細井川,706
船尾,555
東湊,877
安立町,1050
寺地町,372
御陵前,431
大小路,766
住吉鳥居前,1335
花田口,410
妙国寺前,341
神明町,394
帝塚山四丁目,1150
東天下茶屋,1547
北畠,2179
天王寺駅前,11343
住吉,0
松虫,921
帝塚山三丁目,1555
神ノ木,558
阿倍野,2006
姫松,1838
住吉公園,0
高速神戸,25812
西元町,4183
大開,4626
新開地,23285
高速長田,15475
西代,0
元町,0
千鳥橋,9003
西九条,0
尼崎,0
福,12382
伝法,8100
大物,0
出来島,10265
武庫川,0
洲先,1788
東鳴尾,2036
武庫川団地前,7276
梅田,165237
淀川,5203
福島,10722
野田,31782
姫島,13481
打出,15597
甲子園,50860
魚崎,28670
西宮,44417
住吉,3000
芦屋,28275
香櫨園,10716
深江,17947
青木,14856
武庫川,28678
出屋敷,11644
大物,7791
尼崎センタープール前,9235
杭瀬,8881
千船,16666
久寿川,4561
尼崎,52687
鳴尾,24978
今津,33258
西灘,5534
神戸三宮,110394
石屋川,6796
岩屋,11624
大石,9352
御影,27109
春日野道,15344
元町,27838
新在家,11178
戸塚安行,15000
東川口,31000
南鳩ヶ谷,15300
鳩ヶ谷,21800
浦和美園,18600
赤羽岩淵,0
川口元郷,19300
新井宿,11000
内宿,4780
原市,2801
加茂宮,5586
沼南,3899
今羽,5135
吉野原,3529
大宮,47152
丸山,2854
伊奈中央,2079
鉄道博物館,9570
東宮原,4725
羽貫,4464
志久,4030
西8丁目,1330
西15丁目,0
西4丁目,12610
中央区役所前,2880
中央図書館前,2144
西15丁目,3466
西線11条,3308
西線9条旭山公園通,2128
ロープウェイ入口,3040
電車事業所前,1215
西線14条,3074
西線16条,2675
西線6条,2320
石山通,1091
資生館小学校前,687
すすきの,4812
東屯田通,1982
山鼻9条,1406
中島公園通,1541
静修学園前,1463
中央図書館前,0
行啓通,1437
山鼻19条,942
幌南小学校前,1567
東本願寺前,888
新さっぽろ,42020
二十四軒,12634
ひばりが丘,10124
東札幌,21442
円山公園,30394
南郷7丁目,21616
琴似,28580
大谷地,27830
西11丁目,32896
南郷13丁目,14820
西28丁目,20482
宮の沢,29366
大通,0
バスセンター前,19194
発寒南,17674
南郷18丁目,21912
西18丁目,33228
菊水,22260
白石,28322
学園前,20350
大通,0
環状通東,18572
美園,10062
福住,33098
豊平公園,11258
栄町,16856
さっぽろ,0
豊水すすきの,16312
元町,19180
北13条東,7522
新道東,15968
東区役所前,17696
月寒中央,18610
平岸,16920
南平岸,15912
北24条,28940
大通,159694
自衛隊前,6884
さっぽろ,180992
すすきの,34940
北34条,14730
中の島,11908
幌平橋,10294
真駒内,27388
澄川,20144
麻生,41708
北12条,9838
北18条,15374
中島公園,19718
近鉄富田,6966
保々,1271
伊勢治田,430
大安,860
北勢中央公園口,673
梅戸井,281
暁学園前,3283
大矢知,633
山城,966
東藤原,113
西野尻,77
三里,739
丹生川,275
平津,319
西藤原,184
在良,299
東員,888
馬道,774
七和,639
阿下喜,603
穴太,689
大泉,533
西別所,254
麻生田,259
西桑名,4382
星川,1440
蓮花寺,673
楚原,1143
唐丹,23
陸前赤崎,6
吉浜,32
恋し浜,12
甫嶺,19
綾里,116
平田,11
三陸,39
盛,312
釜石,187
摂待,10
一の渡,6
佐羽根,6
陸中宇部,49
普代,195
白井海岸,5
岩泉小本,124
堀内,25
田老,139
宮古,393
野田玉川,11
田野畑,103
久慈,656
陸中野田,305
島越,39
赤湯,180
今泉,0
荒砥,156
梨郷,18
おりはた,36
西大塚,17
長井,268
蚕桑,26
鮎貝,55
あやめ公園,97
南長井,203
南陽市役所,5
時庭,11
羽前成田,49
宮内,245
白兎,15
公園,212
中学校,1138
井野,370
地区センター,260
ユーカリが丘,1764
女子大,244
大塩,3976
別府,7369
山陽魚住,1973
尾上の松,3229
伊保,2194
飾磨,7708
高砂,5543
的形,1633
藤江,2785
板宿,18070
西代,6094
山陽曽根,2748
播磨町,3743
西江井ヶ島,2748
白浜の宮,4815
西二見,4313
妻鹿,2158
中八木,2559
浜の宮,3729
江井ヶ島,3775
八家,2407
東二見,7037
亀山,1927
山陽姫路,23600
荒井,9372
手柄,1889
西新町,4312
須磨浦公園,1066
月見山,4782
山陽垂水,9939
大蔵谷,1854
人丸前,1242
舞子公園,3663
滝の茶屋,4619
東須磨,2791
山陽明石,25715
須磨寺,1872
霞ヶ丘,2232
山陽須磨,2570
東垂水,1210
林崎松江海岸,4533
山陽塩屋,1227
西舞子,1864
広畑,1616
平松,1105
山陽天満,1777
山陽網干,3484
夢前川,1633
西飾磨,1812
飾磨,0
八栗登山口,478
八栗山上,478
昭和町,1032
讃岐牟礼,514
木太町,688
丹生,276
讃岐津田,1066
讃岐相生,30
鶴羽,174
造田,478
栗林,2264
三本松,1472
引田,500
志度,2024
讃岐白鳥,498
オレンジタウン,218
栗林公園北口,928
屋島,1250
古高松南,486
神前,944
八栗口,490
高松,0
板東,394
阿波大宮,6
勝瑞,2410
吉成,672
阿波川端,154
池谷,180
板野,936
徳島,16224
佐古,1724
金蔵寺,516
多度津,0
善通寺,2904
阿波川口,94
土佐大津,850
入明,956
佃,58
円行寺口,518
三縄,38
高知商業前,1094
土佐穴内,6
黒川,28
琴平,2378
高知,10554
土佐山田,1912
豊永,20
讃岐財田,30
大田口,18
朝倉,1832
土佐一宮,716
箸蔵,92
薊野,346
角茂谷,8
土佐長岡,76
小歩危,16
坪尻,2
祖谷口,24
旭,1372
土佐岩原,12
土佐北川,4
繁藤,8
阿波池田,1538
山田西町,528
布師田,170
大歩危,238
新改,0
大杉,166
塩入,44
後免,3862
土佐加茂,146
六反地,10
岡花,134
枝川,722
西佐川,556
窪川,1072
佐川,782
安和,26
伊野,960
須崎,866
影野,32
仁井田,28
土佐久礼,336
大間,414
多ノ郷,478
吾桑,78
襟野々,142
日下,296
斗賀野,292
波川,282
土佐新荘,176
鴨島,1850
川田,204
貞光,1032
下浦,408
石井,2006
麻植塚,176
府中,1046
阿波半田,148
鮎喰,446
学,516
三加茂,144
西麻植,262
小島,100
阿波加茂,468
蔵本,858
穴吹,1452
牛島,546
山瀬,264
江口,190
阿波川島,932
辻,384
阿波山川,764
佐古,0
佃,0
喜多山,14
五十崎,6
内子,1320
新谷,222
宇多津,0
児島,0
田井ノ浜,4
羽ノ浦,1680
由岐,194
新野,458
南小松島,1862
桑野,252
見能林,614
阿波赤石,656
阿波福井,88
阿南,3134
立江,216
阿波橘,196
阿波中島,380
西原,206
阿波海南,186
地蔵橋,610
中田,876
阿波富田,902
日和佐,326
浅川,8
北河内,60
山河内,20
木岐,54
二軒屋,1148
辺川,10
鯖瀬,2
文化の森,282
牟岐,302
海部,52
徳島,0
鳴門,1502
金比羅前,76
撫養,470
教会前,60
阿波大谷,86
立道,64
池谷,0
多度津,4190
高松,25882
鴨川,692
香西,1066
宇多津,4472
坂出,10552
端岡,2664
鬼無,1370
八十場,210
讃岐塩屋,670
国分,752
讃岐府中,680
丸亀,8020
津島ノ宮,3408
詫間,1800
海岸寺,142
川之江,1250
観音寺,3184
箕浦,34
伊予寒川,194
高瀬,1278
比地大,266
豊浜,472
伊予三島,1970
本山,544
みの,474
伊予北条,2504
伊予横田,218
中萩,218
伊予土居,702
伊予亀岡,172
大西,380
伊予小松,526
赤星,248
伊予和気,792
伊予富田,240
玉之江,108
菊間,428
松山,14344
光洋台,264
柳原,252
大浦,46
波止浜,260
伊予桜井,538
堀江,438
浅海,160
市坪,560
伊予氷見,112
伊予西条,3098
新居浜,4142
関川,120
波方,122
多喜浜,174
壬生川,1712
北伊予,486
今治,4976
粟井,780
三津浜,1106
伊予三芳,438
石鎚山,82
下灘,80
下宇和,26
伊予上灘,196
伊予吉田,290
立間,136
向井原,100
伊予大洲,1914
伊予平野,66
宇和島,2580
伊予出石,72
伊予中山,216
千丈,10
伊予石城,32
高光,4
上宇和,164
串,10
八幡浜,2038
伊予白滝,72
伊予市,1182
五郎,38
鳥ノ木,358
伊予大平,26
西大洲,82
春賀,36
喜多灘,34
伊予立川,44
八多喜,86
双岩,66
伊予長浜,414
高野川,64
卯之町,640
内子,0
新谷,0
北宇和島,132
打井川,2
十川,16
江川崎,46
家地川,2
土佐大正,30
真土,8
若井,0
半家,4
西ヶ方,10
土佐昭和,6
吉野生,26
北宇和島,0
伊予宮野下,246
務田,82
出目,24
深田,16
大内,34
松丸,124
近永,400
二名,38
朝日通,1330
水族館口,1052
天文館通,3826
鹿児島駅前,1197
新屋敷,804
桜島桟橋通,1332
高見馬場,3027
甲東中学校前,496
いづろ通,3347
武之橋,0
市役所前,1371
高見馬場,0
鹿児島中央駅前,5228
加治屋町,882
高見橋,737
武之橋,656
二中通,1093
涙橋,788
笹貫,1729
宇宿一丁目,682
谷山,5793
郡元,6779
上塩屋,1233
荒田八幡,1316
二軒茶屋,766
騎射場,1764
南鹿児島駅前,1248
脇田,2365
鴨池,778
郡元,0
鹿児島中央駅前,0
都通,929
中郡,1629
唐湊,486
中洲通,706
市立病院前,996
神田（交通局前）,699
工学部前,586
純心学園前,1796
徳宿,82
大洗,2247
鹿島旭,385
常澄,794
涸沼,253
東水戸,161
水戸,4123
鹿島灘,198
鹿島大野,261
北浦湖畔,26
大洋,267
新鉾田,1455
長者ヶ浜潮騒はまなす公園前,92
荒野台,156
鹿島サッカースタジアム,0
芝山千代田,1513
東成田,0
丹比,101
若桜,248
八頭高校前,288
因幡船岡,37
郡家,0
八東,66
安部,48
隼,48
徳丸,36
柏たなか,9800
守谷,48700
万博記念公園,5700
流山おおたかの森,72800
みどりの,8400
つくば,35800
みらい平,9900
研究学園,14100
柏の葉キャンパス,33000
北千住,99200
三郷中央,27900
六町,28600
浅草,21800
八潮,44400
南流山,71800
青井,13100
秋葉原,133000
南千住,11200
流山セントラルパーク,9200
新御徒町,42200
鷹巣,519
米内沢,135
羽後中里,5
上杉,21
比立内,31
前田南,14
桂瀬,26
小ヶ田,11
笑内,8
戸沢,2
西明寺,13
左通,2
羽後太田,1
西鷹巣,9
八津,6
荒瀬,8
阿仁前田,92
萱草,3
奥阿仁,1
阿仁合,135
上桧木内,10
合川,112
羽後長戸呂,12
大野台,14
松葉,86
岩野目,0
小渕,17
阿仁マタギ,24
角館,253
相模大野,0
鶴間,30443
中央林間,97068
東林間,21779
相模大野,0
南林間,33976
湘南台,91150
長後,35145
藤沢,165124
鵠沼海岸,20079
本鵠沼,13632
桜ヶ丘,20608
大和,117883
六会日大前,30453
藤沢本町,21954
善行,26968
片瀬江ノ島,20699
高座渋谷,25492
代々木八幡,20527
喜多見,34306
豪徳寺,27258
下北沢,115658
南新宿,4024
千歳船橋,58019
参宮橋,15546
祖師ヶ谷大蔵,48533
梅ヶ丘,32921
新宿,506229
世田谷代田,8343
東北沢,6729
経堂,77959
成城学園前,89468
代々木上原,262708
町田,292579
狛江,46890
読売ランド前,35761
生田,45813
和泉多摩川,15934
百合ヶ丘,21404
柿生,37504
玉川学園前,48303
相模大野,130161
小田急相模原,56568
登戸,162582
相武台前,40359
向ヶ丘遊園,67522
鶴川,69141
新百合ヶ丘,126772
小田原,66983
海老名,150570
愛甲石田,53371
新松田,24238
足柄,3917
座間,21449
栢山,9112
厚木,20699
本厚木,153190
秦野,43329
鶴巻温泉,15041
開成,11329
伊勢原,52516
富水,6849
渋沢,28340
東海大学前,40950
螢田,6283
相模大野,0
五月台,10218
新百合ヶ丘,0
唐木田,19277
小田急多摩センター,50319
黒川,8476
栗平,23268
はるひ野,9865
小田急永山,31203
五井,1333
上総鶴舞,15
里見,62
上総久保,10
海士有木,209
上総山田,116
養老渓谷,150
馬立,191
月崎,12
上総村上,111
上総牛久,611
上総大久保,12
飯給,4
光風台,334
上総中野,36
上総三又,102
上総川間,64
高滝,24
北佐世保,518
小浦,315
神田,78
真申,88
泉福寺,1069
鷹島口,65
山谷,50
今福,103
久原,65
江迎鹿町,480
左石,970
西有田,122
相浦,164
伊万里,1005
中里,219
福島口,53
野中,154
川東,267
三代橋,97
本山,182
松浦,538
上相浦,653
調川,116
佐々,599
金武,45
大木,38
楠久,74
西木場,46
浦ノ崎,77
里,74
東山代,74
皆瀬,215
高岩,160
前浜,36
波瀬,14
いのつき,60
すえたちばな,5
中佐世保,205
清峰高校前,528
棚方,193
大学,1046
吉井,198
黒川,77
佐世保中央,892
中田平,14
蔵宿,53
東田平,12
潜竜ヶ滝,143
西田平,363
山の田,80
たびら平戸口,237
御厨,274
鳴石,55
佐世保,1514
松浦発電所前,28
夫婦石,40
有田,704
三溝,370
信濃荒井,94
西松本,88
渚,140
大庭,372
松本,3769
下新,166
北新・松本大学前,1169
新村,283
渕東,65
波田,1079
新島々,646
下島,419
森口,573
西鎌倉,5199
目白山下,254
大船,27233
湘南深沢,5545
湘南江の島,4395
富士見町,4092
湘南町屋,6853
片瀬山,3844
上州一ノ宮,183
南蛇井,99
上州富岡,502
西富岡,162
吉井,317
西山名,174
西吉井,134
山名,129
南高崎,59
上州新屋,124
下仁田,238
馬庭,392
神農原,88
根小屋,166
東富岡,225
上州七日市,208
上州福島,283
高崎,2234
高崎商科大学前,210
千平,12
中野,101
八木沢,83
神畑,131
下之郷,329
中塩田,64
塩田町,362
城下,54
舞田,59
寺下,170
大学前,776
上田原,891
赤坂上,228
別所温泉,563
三好町,86
上田,3117
新川,286
丸山下,68
樋越,205
赤城,717
北原,244
中央前橋,1702
新里,343
江木,289
富士山下,94
粕川,249
赤坂,224
片貝,335
城東,138
三俣,189
大胡,869
心臓血管センター,64
東新川,52
西桐生,1638
上泉,98
膳,107
新屋,203
天王宿,225
信楽,658
紫香楽宮跡,60
玉桂寺前,13
勅旨,152
雲井,294
貴生川,0
高根公団,15593
鎌ヶ谷大仏,14674
新鎌ヶ谷,34156
みのり台,8804
初富,5587
北初富,5225
薬園台,15038
二和向台,17799
高根木戸,8414
元山,18458
くぬぎ山,7331
松戸新田,6497
八柱,45578
前原,8932
三咲,13752
新津田沼,69577
五香,30125
滝不動,7642
常盤平,18934
北習志野,46108
習志野,13396
京成津田沼,0
松戸,106727
上本郷,7225
七井,327
折本,47
下館二高前,77
北山,56
西田井,41
久下田,229
北真岡,215
ひぐち,50
市塙,160
多田羅,146
笹原田,4
真岡,938
寺内,82
天矢場,27
茂木,584
益子,210
下館,744
ハーバーランド,15018
中央市場前,6306
三宮・花時計前,15808
旧居留地・大丸前,3904
みなと元町,3644
御崎公園,6496
新長田,0
和田岬,21236
苅藻,3466
駒ヶ林,2564
県庁前,11218
上沢,7644
湊川公園,21026
大倉山,11768
三宮,122408
長田,12166
新神戸,46608
新長田,0
総合運動公園,14528
西神南,26992
名谷,0
学園都市,37204
西神中央,50292
伊川谷,10004
板宿,26286
妙法寺,33878
新長田,61198
名谷,52776
虹,665
摩耶ケーブル,665
アイランドセンター,18279
アイランド北口,8474
魚崎,10575
南魚崎,1810
マリンパーク,6967
住吉,26607
鈴蘭台,0
小野,3435
緑が丘,3142
栄,1418
広野ゴルフ場前,960
藍那,166
恵比須,1266
三木上の丸,339
木幡,824
木津,1074
鈴蘭台西口,1294
樫山,529
市場,213
大村,926
葉多,234
志染,3667
三木,1854
西鈴蘭台,9098
押部谷,1526
横山,0
フラワータウン,5723
南ウッディタウン,1829
ウッディタウン中央,3648
岡場,11960
道場南口,3277
神鉄道場,2711
横山,4724
三田,16903
田尾寺,6293
三田本町,641
二郎,193
有馬口,0
五社,2099
新開地,0
湊川,0
有馬口,1002
大池,3602
湊川,12693
神鉄六甲,1057
箕谷,2521
有馬温泉,3666
長田,3889
花山,4032
谷上,0
鵯越,1050
鈴蘭台,19204
丸山,1146
山の街,4689
唐櫃台,3157
北鈴蘭台,12551
名越,431
近義の里,243
貝塚,4528
石才,461
貝塚市役所前,256
水間観音,1380
三ツ松,439
清児,1308
森,723
三ヶ山口,297
球場前,376
倉敷市,4569
弥生,574
浦田,688
常盤,347
水島,1326
西富井,735
栄,537
福井,545
三菱自工前,109
宮の陣,0
大堰,383
古賀茶屋,577
馬田,116
学校前,368
上浦,117
五郎丸,717
本郷,395
金島,679
甘木,1352
大城,666
北野,1617
貝塚,15722
香椎花園前,3111
西鉄新宮,1358
和白,2094
唐の原,1015
香椎宮前,2338
三苫,3442
西鉄香椎,3715
西鉄千早,5737
名島,2858
西鉄二日市,0
太宰府,12049
西鉄五条,6032
味坂,194
蒲池,426
春日原,21148
端間,1677
西鉄中島,914
三国が丘,5645
安武,973
西鉄柳川,11448
徳益,219
都府楼前,6635
大保,2785
雑餉隈,14730
大橋,35680
試験場前,2984
筑紫,6391
下大利,15281
三潴,865
西鉄小郡,11320
八丁牟田,1237
大善寺,3442
西鉄平尾,12656
薬院,39891
井尻,22033
西鉄久留米,33555
津福,2523
西鉄福岡(天神),131108
三沢,1833
矢加部,182
津古,2524
高宮,19837
花畑,7594
櫛原,1060
宮の陣,2232
大溝,1048
塩塚,444
白木原,9199
西鉄二日市,21562
朝倉街道,12835
桜台,2080
犬塚,1045
西鉄渡瀬,356
倉永,1296
西鉄銀水,741
大牟田,8579
開,678
新栄町,4311
江の浦,337
東甘木,442
海老江,22822
新福島,19797
北新地,101577
大阪城北詰,9658
御幣島,26369
京橋,0
大阪天満宮,50020
加島,17598
尼崎,0
東津山,0
郡家,2029
鳥取,0
国英,52
用瀬,181
河原,152
高野,55
鷹狩,80
津ノ井,1208
因幡社,39
智頭,2911
美作河井,16
美作滝尾,69
那岐,49
土師,47
三浦,33
東郡家,126
知和,12
美作加茂,141
居能,373
宇部岬,405
琴芝,1412
深溝,199
宇部新川,1801
床波,716
新山口,0
丸尾,431
周防佐山,107
岐波,425
岩鼻,565
岩倉,60
東新川,855
阿知須,656
草江,184
常盤,261
上嘉川,102
宇部,0
岡山,0
備中箕島,354
久々原,140
迫川,452
大元,3532
早島,2399
備前西市,3277
妹尾,6398
備前田井,635
備前片岡,484
宇野,2491
茶屋町,7828
常山,926
彦崎,597
八浜,867
柿ケ島,0
美山,44
市波,34
越前大野,461
越前富田,8
計石,11
越前田野,0
牛ケ原,6
小和清水,19
越前薬師,3
下唯野,8
北大野,31
越前高田,8
越前大宮,8
勝原,2
一乗谷,27
九頭竜湖,33
越前下山,3
越前東郷,170
六条,13
越前花堂,952
足羽,19
谷川,0
比延,25
黒田庄,67
久下村,7
本黒田,57
新西脇,15
日本へそ公園,20
船町口,16
滝野,567
青野ヶ原,320
神野,2167
厄神,1791
市場,426
西脇市,1561
社町,827
河合西,311
滝,102
小野町,835
加古川,0
加古川,0
日岡,1222
上八木,1162
古市橋,3696
梅林,2632
大町,8741
三滝,1121
安芸長束,6016
可部,4944
下祗園,10926
七軒茶屋,1686
中島,1632
緑井,5412
横川,0
関西空港,28590
りんくうタウン,6543
日根野,0
新堂,434
島ヶ原,264
伊賀上野,1706
佐那具,243
柘植,654
関,569
加太,126
亀山,0
奈良,36614
笠置,439
平城山,2683
加茂,4594
月ヶ瀬口,330
大河原,107
木津,9350
JR難波,49336
今宮,9209
新今宮,0
天王寺,0
王寺,48733
三郷,4134
久宝寺,34700
柏原,28190
東部市場前,15668
八尾,26291
郡山,10493
河内堅上,755
法隆寺,14334
加美,18222
天王寺,296508
大和小泉,15913
志紀,21433
高井田,9179
平野,22857
岩国,0
欽明路,109
西岩国,706
周防高森,874
高水,407
櫛ヶ浜,0
柱野,72
周防久保,167
勝間,323
米川,42
周防花岡,593
川西,1041
生野屋,228
大河内,221
玖珂,815
新宮,1917
江住,30
那智,52
紀伊佐野,519
紀伊天満,90
太地,222
紀伊有田,10
和深,33
下里,152
紀伊田原,43
宇久井,124
紀伊姫,10
紀伊浦神,39
周参見,254
串本,708
古座,312
紀伊勝浦,800
三輪崎,56
田子,11
田並,23
湯川,20
見老津,26
和歌山,38134
和佐,141
紀伊新庄,111
湯浅,2153
紀和,242
紀伊内原,399
藤並,2715
芳養,162
南部,1607
初島,722
椿,37
白浜,1488
宮前,3197
紀三井寺,4262
切目,145
海南,5930
稲原,157
紀伊富田,106
朝来,511
広川ビーチ,438
道成寺,185
岩代,157
冷水浦,220
紀伊田辺,2942
和歌山市,4059
印南,335
御坊,3496
紀伊宮原,1210
黒江,5126
紀伊由良,694
加茂郷,1514
箕島,3494
紀伊日置,159
下津,910
大安寺,687
備前一宮,1975
吉備津,1204
備中高松,2573
足守,1345
岡山,0
備前三門,2064
服部,1599
東総社,1798
総社,0
米子,0
後藤,866
富士見町,310
馬場崎町,433
大篠津町,136
弓ヶ浜,648
中浜,103
河崎口,437
境港,801
上道,377
高松町,99
博労町,445
和田浜,192
余子,658
三本松口,391
備中神代,0
塩町,278
三次,1361
矢神,21
吉田口,104
備後八幡,0
備後落合,25
神杉,31
上川立,51
東城,25
高,3
備後西城,87
平子,3
山ノ内,2
道後山,0
備後庄原,301
志和地,87
市岡,25
小奴可,2
向原,616
比婆山,6
野馳,48
七塚,6
備後三日市,4
内名,5
坂根,4
西三次,11
八次,210
甲立,388
下和知,11
白木山,310
中三田,280
中深川,824
広島,0
上三田,177
矢賀,2000
戸坂,3250
上深川,677
井原市,179
玖村,2232
志和口,780
下深川,3016
安芸矢口,4111
狩留家,370
山科,0
近江塩津,0
近江舞子,1510
志賀,1946
蓬莱,2002
永原,265
比良,2945
近江高島,1659
安曇川,3503
堅田,16170
北小松,678
比叡山坂本,11076
新旭,2308
和邇,4846
唐崎,7708
マキノ,653
近江中庄,283
小野,6179
おごと温泉,13014
大津京,19105
近江今津,4375
三原,0
吉名,249
竹原,1649
忠海,1073
安芸幸崎,481
風早,434
須波,160
安芸津,809
大乗,294
安浦,1366
安登,858
安芸長浜,331
かるが浜,513
吉浦,2691
安芸阿賀,5167
矢野,16311
新広,7742
水尻,173
坂,6746
広,7905
川原石,1221
安芸川尻,1794
呉,22851
海田市,0
呉ポートピア,1805
天応,1333
仁方,1219
小屋浦,927
東八尾,97
笹津,217
速星,2194
西富山,760
楡原,55
猪谷,594
富山,0
越中八尾,1895
千里,769
長居,10750
浅香,4448
堺市,24115
三国ヶ丘,47894
我孫子町,12758
天王寺,0
美章園,10581
南田辺,8772
杉本町,18361
鶴ヶ丘,9436
日根野,17259
津久野,17283
北信太,12355
和泉府中,35265
上野芝,17501
和泉橋本,6619
東佐野,2640
紀伊中ノ島,815
和泉砂川,8627
東貝塚,4894
下松,7784
紀伊,8096
和歌山,0
信太山,7873
長滝,1838
鳳,37338
百舌鳥,7809
和泉鳥取,4465
東羽衣,10383
久米田,13646
熊取,22217
東岸和田,22080
山中渓,391
富木,8002
六十谷,7194
鳳,0
新家,5512
京終,1402
奈良,0
高田,0
三輪,1398
帯解,965
金橋,1052
香久山,352
桜井,4004
畝傍,933
天理,5295
櫟本,1875
長柄,1177
柳本,1237
巻向,748
西九条,0
ユニバーサルシティ,65012
桜島,24836
安治川口,25377
長谷,2
船佐,2
所木,2
尾関山,8
信木,2
粟屋,2
三次,0
江津,0
作木口,10
石見松原,3
石見簗瀬,9
石見都賀,2
明塚,1
宇都井,8
潮,4
千金,2
式敷,8
因原,11
口羽,13
沢谷,2
竹,3
田津,8
江津本町,3
川平,4
川戸,30
石見川本,36
江平,2
伊賀和志,2
鹿賀,3
浜原,12
石見川越,5
粕淵,25
木路原,2
乙原,6
香淀,4
綾部,3248
和田山,1380
上川口,103
香住,832
国府,181
養父,140
立木,16
玄武洞,50
花園,7676
佐津,197
梁瀬,267
鍼灸大学前,622
嵯峨嵐山,16319
城崎温泉,2097
高津,247
太秦,8950
吉富,1101
並河,6503
上夜久野,152
胡麻,611
和知,304
亀岡,17859
八木,3047
日吉,553
京都,0
下山,209
保津峡,849
八鹿,1105
竹野,453
二条,27499
柴山,173
石原,1011
円町,17195
豊岡,3692
園部,9230
福知山,7512
江原,1175
安栖里,25
千代川,4447
山家,48
下夜久野,155
馬堀,9511
船岡,77
鳥取大学前,4048
泊,229
東浜,59
松崎,436
鳥取,10850
宝木,347
末恒,1022
鎧,16
福部,168
湖山,1220
浜坂,484
餘部,99
青谷,1006
久谷,24
由良,1011
浜村,933
下北条,149
大岩,186
岩美,806
諸寄,94
居組,18
倉吉,4442
荘原,683
西出雲,576
乃木,1836
赤碕,646
松江,8908
米子,7442
浦安,751
直江,857
名和,109
下市,162
大山口,434
東山公園,748
出雲市,5173
東松江,183
御来屋,252
安来,1815
来待,268
荒島,818
宍道,1175
玉造温泉,697
淀江,453
八橋,146
揖屋,1461
中山口,122
伯耆大山,1433
益田,1045
黒松,38
江南,182
五十猛,24
久手,95
仁万,618
三保三隅,255
浜田,1530
浅利,79
波子,59
大田市,1024
周布,164
都野津,338
鎌手,42
波根,86
小田,177
下府,159
田儀,79
西浜田,310
折居,19
戸田小浜,22
飯浦,9
静間,68
江津,856
敬川,44
石見福光,31
湯里,22
温泉津,103
石見津田,34
久代,6
出雲神西,112
馬路,13
岡見,63
長門市,806
幡生,0
木与,1
宇田郷,13
滝部,329
東萩,445
川棚温泉,764
人丸,139
須佐,155
福江,93
奈古,210
宇賀本郷,6
長門粟野,42
湯玉,70
吉見,965
越ヶ浜,26
黒井村,501
長門三隅,102
特牛,28
仙崎,122
玉江,236
安岡,1564
黄波戸,31
長門大井,41
梅ヶ峠,190
小串,829
江崎,59
萩,177
長門古市,252
三見,38
飯井,16
阿川,85
伊上,17
綾羅木,1679
長門二見,32
丹波口,13813
益田,0
船平山,15
青野山,7
石見横田,18
徳佐,176
日原,103
青原,27
本俣賀,5
津和野,452
東青原,18
新山口,0
長門峡,17
周防下郷,531
上山口,260
仁保津,771
鍋倉,9
地福,48
名草,20
矢原,1331
湯田温泉,2562
山口,3390
大歳,399
上郷,1337
宮野,744
渡川,13
三谷,57
仁保,85
篠目,28
新大阪,0
新大阪,0
新神戸,19351
西明石,0
姫路,0
相生,0
岡山,0
新尾道,2132
新倉敷,0
福山,0
三原,0
東広島,2589
広島,0
徳山,0
新岩国,1979
厚狭,0
小倉,23601
新山口,0
新下関,0
博多,43804
姫路,103338
宝殿,19767
土山,28963
東加古川,28287
ひめじ別所,3734
神戸,0
加古川,48129
西明石,63954
網干,15856
兵庫,0
英賀保,9119
魚住,22928
兵庫,44730
曽根,8366
御着,5654
大久保,39731
和田岬,9772
垂水,66174
新長田,44042
明石,106420
舞子,39853
朝霧,33394
塩屋,13588
鷹取,16061
須磨,24210
相生,9198
三石,373
和気,2742
吉永,922
竜野,4344
有年,563
上郡,6224
瀬戸,5336
熊山,2849
万富,1269
倉敷,0
上道,2910
庭瀬,8534
東岡山,7718
中庄,15346
倉敷,38867
高島,6783
北長瀬,8703
岡山,137448
福山,42379
西条,19512
三原,12707
金光,4700
尾道,11463
鴨方,6232
里庄,2664
東福山,8730
東尾道,4023
備後赤坂,3745
新倉敷,15555
笠岡,7266
松永,9574
糸崎,1344
入野,492
白市,3629
河内,1053
西高屋,10309
西阿知,5957
本郷,3698
大門,5037
海田市,0
広島,0
横川,0
横川,34032
廿日市,7932
海田市,19758
玖波,3595
天神川,21414
前空,4193
向洋,23456
広島,154348
大竹,6747
中野東,5333
阿品,4699
宮内串戸,10141
西広島,18778
八本松,8152
瀬野,7345
宮島口,9208
新井口,16981
大野浦,3416
安芸中野,6017
五日市,27238
櫛ヶ浜,1946
南岩国,3612
島田,1074
由宇,1732
下松,4711
新南陽,2539
福川,1512
大畠,1806
神代,146
藤生,1114
岩国,11942
岩田,789
柳井,498
通津,1112
光,4834
徳山,14588
田布施,2335
柳井港,498
戸田,685
新山口,15724
厚狭,3240
小月,3797
富海,387
埴生,746
大道,2670
厚東,239
本由良,505
小野田,2741
長府,3476
幡生,5354
四辻,693
防府,8516
下関,20762
新下関,10042
嘉川,399
宇部,3840
七尾,2313
能登部,1115
和倉温泉,1029
敷浪,374
羽咋,2640
徳田,785
千路,148
宇野気,2633
中津幡,1287
良川,643
宝達,729
能瀬,615
免田,288
金丸,261
本津幡,774
横山,831
南羽咋,165
能登二宮,359
高松,1085
津幡,9539
敦賀,0
粟野,122
気山,593
東美浜,63
西敦賀,264
藤井,39
若狭有田,104
大鳥羽,220
上中,499
三方,180
美浜,523
十村,140
松尾寺,93
若狭本郷,598
青郷,242
若狭高浜,650
小浜,1841
東舞鶴,0
東小浜,751
三松,198
勢浜,67
加斗,146
若狭和田,242
新平野,171
小野田,0
妻崎,42
浜河内,15
南小野田,237
雀田,311
雀田,0
長門長沢,19
長門本山,44
居能,0
目出,22
南中川,166
小野田港,159
林,38
東野尻,270
二塚,76
戸出,1802
砺波,2364
油田,587
東石黒,63
福野,1440
越中山田,98
城端,536
高儀,130
福光,1114
高岡,6595
西片上,1174
天和,401
伊里,425
香登,608
日生,680
播州赤穂,8275
伊部,898
備前片上,287
備前福河,46
西相生,1822
坂越,1363
相生,0
寒河,331
東岡山,0
長船,2375
邑久,3538
西大寺,7230
大富,469
大多羅,3123
草津,0
三雲,3963
甲西,4819
手原,6093
草津,0
石部,3752
貴生川,9538
甲賀,1574
甲南,1713
油日,562
寺庄,1509
柘植,0
桜ノ宮,35185
大正,48584
玉造,33713
芦原橋,11453
野田,24845
鶴橋,198948
弁天町,66194
西九条,62074
大阪城公園,25998
福島,57592
京橋,267599
天満,52005
大阪,0
森ノ宮,50295
桃谷,36387
今宮,0
寺田町,34401
新今宮,131135
天王寺,0
中土,3
南小谷,0
北小谷,5
小滝,5
根知,11
平岩,7
姫川,3
頸城大野,29
糸魚川,0
津山,0
佐良山,34
金川,1724
亀甲,459
津山口,37
弓削,405
建部,354
神目,151
玉柏,171
小原,57
牧山,67
福渡,528
誕生寺,98
野々口,291
法界院,2635
岡山,0
備前原,211
米原,10684
米原,0
大津,34677
野洲,29221
河瀬,6044
稲枝,5045
安土,5260
守山,33572
石山,48826
近江八幡,35736
山科,69205
瀬田,35734
膳所,25517
彦根,21779
南草津,60726
草津,59182
能登川,14414
南彦根,11678
篠原,4181
栗東,24074
京都,406592
京都,0
西大路,32375
向日町,15528
山崎,11630
長岡京,41555
高槻,129110
摂津富田,41643
千里丘,40358
新大阪,121502
大阪,0
大阪,0
吹田,45944
大阪,872374
大阪,0
東淀川,16608
岸辺,31972
塚本,36316
茨木,98021
摂津本山,46147
西宮,42005
住吉,72150
甲南山手,23298
尼崎,90220
立花,50501
芦屋,56710
甲子園口,38368
神戸,141036
六甲道,53436
灘,44215
元町,93680
三ノ宮,248338
京都,0
東福寺,19754
木津,0
新田,6211
木幡,5526
六地蔵,15110
玉水,2088
JR小倉,3752
JR藤森,6211
上狛,797
棚倉,1143
宇治,17098
山城多賀,906
城陽,7011
桃山,4246
黄檗,7467
稲荷,19047
長池,2462
山城青谷,1934
鶴居,458
新井,245
新野,1128
寺前,794
生野,518
甘地,1760
青倉,113
和田山,0
竹田,344
長谷,38
溝口,3474
野里,3676
京口,2125
香呂,3161
仁豊野,2055
福崎,3461
砥堀,1335
姫路,0
倉敷,0
伯耆大山,0
岸本,188
新見,1540
足立,12
備中川面,114
方谷,26
上菅,11
日羽,184
清音,3948
備中広瀬,119
根雨,447
井倉,67
生山,219
備中神代,29
美袋,564
石蟹,226
総社,6853
備中高梁,3892
伯耆溝口,180
新郷,19
江尾,122
布原,2
上石見,19
木野山,61
武庫,43
豪渓,300
黒坂,53
博多,0
博多南,15237
厚狭,0
四郎ヶ原,19
南大嶺,23
長門市,0
渋木,21
長門湯本,43
重安,11
湯ノ峠,8
板持,24
於福,77
厚保,61
美祢,669
姫路,0
播磨高岡,3290
太市,791
余部,4529
本竜野,3843
美作大崎,51
西栗栖,190
播磨徳久,199
美作土居,64
上月,79
東津山,246
東觜崎,916
院庄,90
美作落合,459
坪井,36
古見,148
佐用,1329
楢原,58
千本,76
美作江見,124
西勝間田,28
三日月,249
津山,4101
勝間田,288
美作千代,72
播磨新宮,2479
林野,234
美作追分,53
新見,0
刑部,101
中国勝山,702
月田,128
久世,423
岩山,11
富原,62
丹治部,32
越中国分,526
氷見,1638
越中中川,2525
伏木,502
能町,319
島尾,387
雨晴,149
高岡,0
西舞鶴,2974
東舞鶴,3074
淵垣,379
梅迫,174
綾部,0
真倉,37
福山,0
備後安田,26
戸手,641
鵜飼,678
塩町,0
新市,924
湯田村,1643
道上,1317
河佐,49
吉舎,288
府中,1918
備後矢野,25
高木,507
下川辺,56
三良坂,79
駅家,1523
梶田,8
上下,143
横尾,1880
甲奴,41
万能倉,1503
近田,427
中畑,6
備後三川,39
備後本庄,828
神辺,2853
上戸手,1067
福知山,0
下滝,140
丹波竹田,298
藍本,367
南矢代,309
柏原,1627
草野,481
石生,737
市島,475
黒井,947
古市,389
篠山口,7021
丹波大山,202
谷川,874
北伊丹,11179
猪名寺,18337
西宮名塩,18252
中山寺,18780
生瀬,3759
伊丹,49758
宝塚,64348
武田尾,1390
川西池田,39562
塚口,22118
尼崎,0
広野,2357
新三田,29498
道場,2014
三田,36741
相野,6967
木津,0
東寝屋川,9210
同志社前,9353
住道,62471
野崎,22904
星田,16350
藤阪,6509
西木津,860
津田,11063
長尾,23476
松井山手,14333
四条畷,37617
祝園,4432
京田辺,12504
鴻池新田,27281
河内磐船,22342
徳庵,21036
JR三山木,1899
下狛,826
忍ヶ丘,17072
大住,3632
京橋,0
放出,32641
鴫野,19756
名立,198
浦本,22
筒石,46
梶屋敷,98
能生,662
直江津,3028
谷浜,42
有間川,30
糸魚川,1348
入善,1784
西入善,453
呉羽,3389
魚津,4105
青海,300
泊,1455
滑川,2836
市振,114
生地,930
黒部,2718
東富山,2791
東滑川,324
越中宮崎,116
親不知,36
水橋,2027
富山,23057
西高岡,1267
大聖寺,1855
高岡,9817
倶利伽羅,208
小松,8657
野々市,3773
美川,1786
能美根上,2514
石動,3132
動橋,1163
小杉,6390
金沢,45789
越中大門,1929
東金沢,5940
松任,7440
福岡,2032
森本,3358
加賀温泉,4337
粟津,2757
明峰,1035
加賀笠間,3325
津幡,4998
小舞子,599
西金沢,5821
高岡,0
米原,0
敦賀,7178
余呉,387
湯尾,188
春江,2164
大土呂,675
長浜,9115
鯖江,4566
牛ノ谷,42
虎姫,1396
田村,2696
敦賀,0
今庄,325
米原,0
福井,20514
近江塩津,413
新疋田,47
王子保,507
武生,4741
北鯖江,1036
坂田,1274
細呂木,112
南条,685
森田,1750
高月,1479
木ノ本,1500
南今庄,27
芦原温泉,3666
丸岡,2216
河毛,1096
越前花堂,0
茶屋町,0
植松,340
上の町,873
児島,9955
木見,393
宍道,0
備後落合,0
出雲三成,160
下久野,6
出雲八代,38
南宍道,13
油木,1
八川,1
出雲横田,200
木次,297
亀嵩,45
加茂中,146
日登,15
出雲大東,303
出雲坂根,2
幡屋,70
三井野原,6
南大東,7
中飯降,753
畠田,3525
志都美,4056
大和新庄,744
下兵庫,263
吉野口,2571
妙寺,602
紀伊山田,1305
玉手,872
橋本,4766
高野口,1252
JR五位堂,1567
大和二見,432
隅田,495
掖上,276
香芝,3215
御所,1160
大谷,207
北宇智,382
王寺,0
五条,2896
高田,4526
和歌山,0
名手,982
岩出,3939
田井ノ瀬,659
粉河,2016
布施屋,729
下井阪,936
紀伊長田,220
船戸,514
千旦,389
紀伊小倉,1376
打田,1153
笠田,1496
西笠田,105
西所沢,0
下山口,8300
西武球場前,0
東村山,0
小川,0
鷹の台,26715
国分寺,119242
恋ヶ窪,12488
西武遊園地,0
西武球場前,10874
遊園地西,695
下井草,24872
下落合,12414
高田馬場,304904
野方,25056
鷺ノ宮,32469
上井草,21412
中井,29104
都立家政,18958
新井薬師前,23023
井荻,20174
上石神井,44573
沼袋,20641
西武新宿,180884
小平,39461
東村山,49492
狭山市,41832
入曽,18346
南大塚,16561
航空公園,27956
本川越,52603
新狭山,21442
新所沢,55627
所沢,0
久米川,32758
武蔵関,31393
田無,75645
花小金井,57651
西武柳沢,16543
東伏見,25156
東村山,0
西武園,3707
吾野,0
横瀬,1811
西武秩父,7418
西吾野,339
芦ヶ久保,478
正丸,236
小竹向原,138960
練馬,0
新桜台,9228
八坂,5964
国分寺,0
一橋学園,21663
萩山,0
西武遊園地,2634
武蔵大和,7529
青梅街道,8335
武蔵境,30493
新小金井,3780
競艇場前,2785
多磨,13903
白糸台,6038
是政,7902
池袋,489006
練馬,130934
石神井公園,81273
江古田,34629
富士見台,27386
中村橋,40374
桜台,14491
東長崎,28089
練馬高野台,27308
椎名町,19985
大泉学園,87981
小手指,49161
東吾野,493
元加治,7012
清瀬,70249
仏子,11272
狭山ヶ丘,25742
飯能,32101
秋津,81309
東久留米,54949
武蔵横手,314
武蔵藤沢,24544
高麗,2745
東飯能,5648
西所沢,25127
稲荷山公園,9896
吾野,676
入間市,34574
ひばりヶ丘,72652
所沢,102732
保谷,62076
萩山,10181
小平,0
小川,29615
拝島,36057
東大和市,26029
西武立川,11650
武蔵砂川,11897
玉川上水,42441
練馬,0
豊島園,13977
剣吉,463
目時,28
諏訪ノ平,52
北高岩,44
苫米地,140
三戸,493
八戸,0
新静岡,19272
音羽町,1643
桜橋,4637
柚木,3195
新清水,6422
古庄,3573
県総合運動場,3585
日吉町,1481
県立美術館前,1841
狐ヶ崎,5173
春日町,1746
長沼,2396
御門台,2917
入江岡,733
草薙,7552
泉中央,53296
北仙台,17022
愛宕橋,5060
広瀬通,21746
五橋,11702
長町一丁目,8050
台原,12404
富沢,14650
黒松,8406
長町,16558
長町南,23686
河原町,10520
勾当台公園,33646
北四番丁,16612
仙台,151926
旭ヶ丘,14702
八乙女,16916
千葉,25388
千葉みなと,15794
葭川公園,1995
栄町,539
市役所前,4643
県庁前,1671
千葉,0
千城台北,2051
みつわ台,3533
天台,3914
千葉公園,1905
桜木,3593
穴川,3572
小倉台,3038
スポーツセンター,5125
動物公園,1461
千城台,8310
作草部,3857
都賀,12245
南万騎が原,11381
いずみ野,13969
弥生台,15048
緑園都市,25841
ゆめが丘,2223
二俣川,78524
湘南台,28367
いずみ中央,16016
西横浜,14256
天王町,27081
和田町,18116
星川,29444
平沼橋,8445
横浜,428218
上星川,25953
三ツ境,58905
相模大塚,13748
鶴ヶ峰,57607
西谷,23208
瀬谷,44491
かしわ台,18990
大和,113846
希望ヶ丘,35126
さがみ野,37893
海老名,123102
二俣川,0
幸谷,4589
鰭ヶ崎,1163
馬橋,2934
流山,2739
小金城趾,1560
平和台,2551
高幡不動,13773
立川北,21912
松が谷,1208
程久保,846
桜街道,3586
多摩動物公園,1243
泉体育館,3315
多摩センター,18342
高松,3884
玉川上水,11942
上北台,6530
甲州街道,4404
中央大学・明星大学,17367
立飛,5782
立川南,15884
砂川七番,2383
万願寺,4034
柴崎体育館,2200
大塚・帝京大学,3863
アプトいちしろ,4
ひらんだ,1
土本,2
尾盛,1
千頭,0
川根小山,3
奥泉,50
奥大井湖上,54
沢間,1
川根両国,8
閑蔵,15
接岨峡温泉,53
長島ダム,21
井川,234
川根温泉笹間渡,62
金谷,544
神尾,8
大和田,18
崎平,15
田野口,13
五和,55
家山,347
抜里,19
福用,55
駿河徳山,76
青部,10
日切,18
塩郷,15
地名,17
代官町,41
下泉,56
新金谷,907
千頭,1211
公園東口,1453
阪大病院前,7797
万博記念公園,21829
南茨木,30551
門真市,22669
沢良宜,3595
大日,14602
南摂津,9621
少路,12578
山田,18128
摂津,5147
柴原,9604
宇野辺,7641
千里中央,41684
万博記念公園,0
蛍池,27772
大阪空港,15549
江坂,102484
中津,40410
心斎橋,148155
難波,352890
西中島南方,65058
新大阪,148472
本町,217449
淀屋橋,228722
梅田,438763
東三国,36744
大国町,32104
長居,31375
北花田,24113
動物園前,29282
新金岡,21253
西田辺,22631
我孫子,34661
昭和町,25222
中百舌鳥,74041
天王寺,269620
守口,17147
大日,31865
関目高殿,15380
中崎町,14523
天満橋,90841
南森町,84394
野江内代,11508
都島,36064
谷町四丁目,93358
天神橋筋六丁目,55518
千林大宮,16453
谷町九丁目,74850
太子橋今市,13497
谷町六丁目,34831
東梅田,168539
阿倍野,17835
出戸,15193
文の里,11354
天王寺,0
平野,22012
駒川中野,17037
田辺,9198
喜連瓜破,21823
八尾南,11297
長原,10980
四天王寺前夕陽ヶ丘,25303
西梅田,115945
四ツ橋,32028
本町,0
難波,0
肥後橋,74113
花園町,15652
大国町,0
岸里,16188
玉出,19877
北加賀屋,24659
住之江公園,30866
長田,22944
高井田,16352
緑橋,21982
森ノ宮,32186
堺筋本町,112306
九条,22887
弁天町,37662
谷町四丁目,0
本町,0
阿波座,47915
深江橋,23150
朝潮橋,20646
コスモスクエア,22576
大阪港,22637
西長堀,27132
小路,8399
日本橋,77212
今里,22284
玉川,10421
谷町九丁目,0
阿波座,0
桜川,16856
新深江,12638
鶴橋,29014
難波,0
野田阪神,25846
北巽,13589
南巽,11783
天神橋筋六丁目,0
日本橋,0
堺筋本町,0
北浜,70719
長堀橋,52824
南森町,0
扇町,16105
動物園前,0
天下茶屋,71617
恵美須町,20879
横堤,18089
門真南,11113
鶴見緑地,9951
森ノ宮,0
心斎橋,0
長堀橋,0
今福鶴見,23168
京橋,36744
大阪ビジネスパーク,13268
蒲生四丁目,18261
谷町六丁目,0
玉造,14969
大正,11806
西大橋,14744
松屋町,11162
西長堀,0
ドーム前千代崎,11878
コスモスクエア,0
トレードセンター前,13907
南港東,4483
ポートタウン東,13278
中ふ頭,6958
平林,5247
住之江公園,0
フェリーターミナル,3552
南港口,4778
ポートタウン西,8468
泉ヶ丘,40975
中百舌鳥,0
深井,25379
和泉中央,33021
光明池,30609
栂・美木多,19830
大山寺,39
大山ケーブル,615
阿夫利神社,612
北方真桑,269
樽見,65
糸貫,30
美江寺,45
高尾,3
谷汲口,22
横屋,50
東大垣,120
神海,19
織部,25
大垣,701
日当,3
木知原,21
水鳥,8
鍋原,4
高科,3
十九条,32
本巣,111
モレラ岐阜,240
府中,1548
傘松,1548
上郡,498
佐用,404
智頭,118
西粟倉,5
大原,92
河野原円心,5
石井,5
山郷,14
宮本武蔵,10
あわくら温泉,15
久崎,80
平福,26
苔縄,8
恋山形,5
宮脇,1200
筑波山頂,1200
筑豊香月,622
希望が丘高校前,894
黒崎駅前,8334
筑豊中間,912
東中間,688
今池,1477
三ヶ森,2428
森下,511
永犬丸,1401
熊西,474
西黒崎,149
西山,359
萩原,1121
穴生,1216
通谷,1932
楠橋,468
感田,342
新木屋瀬,196
筑豊直方,878
木屋瀬,861
遠賀野,357
羽生,4772
新郷,303
西羽生,342
樋口,239
東行田,2362
皆野,1084
石原,989
寄居,2796
三峰口,426
武州日野,211
波久礼,239
御花畑,2761
大野原,1168
持田,964
小前田,1141
大麻生,283
永田,527
親鼻,397
和銅黒谷,418
武川,940
行田市,1716
武州荒木,370
ひろせ野鳥の森,1201
影森,473
上熊谷,891
秩父,1177
明戸,284
桜沢,896
長瀞,1351
上長瀞,299
浦山口,188
白久,128
熊谷,11233
野上,655
武州中川,264
銚子,272
海鹿島,49
笠上黒生,68
犬吠,97
外川,104
仲ノ町,22
西海鹿島,20
観音,50
本銚子,56
君ヶ浜,8
公会堂前,0
諏訪神社前,2900
新中川町,2600
賑橋,900
新大工町,2200
西浜町,0
蛍茶屋,2300
長崎駅前,0
公会堂前,3700
桜町,1200
住吉,3000
赤迫,4500
築町,0
大浦海岸通,600
石橋,2000
大浦天主堂下,900
市民病院前,700
浦上駅前,2800
大波止,2600
正覚寺下,1100
五島町,1300
若葉町,1600
築町,6200
浜口町,2100
千歳町,3500
浦上車庫前,2200
銭座町,900
長崎大学前,3500
住吉,0
松山町,3600
岩屋橋,2800
宝町,1900
大学病院前,3000
観光通,2500
西浜町,5200
昭和町通,900
大橋,1700
茂里町,3700
思案橋,1600
出島,2000
長崎駅前,6800
八千代町,600
須坂,6185
善光寺下,1340
柳原,1318
長野,10720
本郷,2720
桜沢,116
信濃吉田,3053
村山,785
夜間瀬,148
市役所前,1378
都住,220
日野,398
延徳,289
桐原,1941
信濃竹原,62
附属中学前,2201
上条,50
小布施,1807
湯田中,1172
北須坂,832
権堂,2604
朝陽,2197
信州中野,3154
中野松川,168
前平公園,94
加茂野,108
赤池,26
美並苅安,60
美濃太田,705
深戸,25
富加,155
母野,3
湯の洞温泉口,52
上万場,7
郡上大和,40
美濃市,191
北濃,26
山田,13
白鳥高原,20
大島,12
相生,49
関富岡,79
関,355
徳永,35
八坂,6
大矢,31
自然園前,5
刃物会館前,70
木尾,11
関市役所前,33
梅山,299
美濃白鳥,166
洲原,25
福野,62
関下有知,180
松森,66
郡上八幡,241
みなみ子宝温泉,22
関口,402
白山長滝,8
大中,1
万場,11
深郷田,23
金木,288
十川,8
嘉瀬,72
毘沙門,5
津軽五所川原,596
芦野公園,79
津軽飯詰,24
大沢内,40
津軽中里,187
川倉,7
五農校前,153
戸綿,260
遠州森,714
原田,35
掛川市役所前,188
いこいの広場,153
桜木,320
原谷,196
西掛川,168
細谷,96
円田,76
掛川,1955
常葉大学前,60
西気賀,74
遠江一宮,124
上野部,14
宮口,237
アスモ前,52
岩水寺,89
西鹿島,559
浜名湖佐久米,39
知波田,102
都田,66
新所原,762
寸座,28
敷地,55
奥浜名湖,65
天竜二俣,274
東都筑,70
岡地,59
フルーツパーク,33
尾奈,89
都筑,113
気賀,287
豊岡,148
三ヶ日,425
二俣本町,80
金指,725
よしかわ,17
奈半利,366
香我美,100
あかおか,219
下山,16
のいち,1312
赤野,40
球場前,144
穴内,8
西分,37
伊尾木,47
安田,84
唐浜,31
後免町,306
後免,0
和食,201
安芸,951
立田,19
夜須,172
田野,150
国見,3
平田,101
東宿毛,28
具同,80
宿毛,480
工業団地,24
有岡,123
中村,0
荷稲,14
若井,21
窪川,325
中村,978
佐賀公園,3
西大方,12
土佐佐賀,137
海の王迎,6
土佐上川口,16
伊与喜,20
有井川,9
土佐入野,188
浮鞭,14
古津賀,81
土佐白浜,0
はりまや橋,0
朝倉,558
宇治団地前,100
上町五丁目,1065
曙町東町,100
曙町,95
高知城前,801
朝倉駅前,174
県庁前,1578
旭駅前通,1097
咥内,122
蛍橋,548
鴨部,418
朝倉神社前,47
上町二丁目,608
上町一丁目,441
旭町一丁目,347
大橋通,2296
枡形,649
上町四丁目,359
鏡川橋,880
旭町三丁目,967
堀詰,1839
グランド通,631
宮の奥,87
伊野,405
枝川,159
北山,39
鳴谷,50
八代通,278
伊野商業前,90
伊野駅前,53
中山,92
清和学園前,122
菜園場町,1003
後免東町,176
長崎,99
県立美術館通,455
文珠通,1016
知寄町一丁目,584
鹿児,727
新木,360
後免西町,278
明見橋,93
田辺島通,231
一条橋,67
知寄町三丁目,497
北浦,51
東新木,300
後免中町,106
舟戸,402
葛島橋東詰,314
篠原,131
知寄町二丁目,693
デンテツターミナルビル前,2321
介良通,458
東工業前,130
後免町,921
小篭通,31
高須,257
領石通,438
はりまや橋,0
住吉通,85
知寄町,530
西高須,560
宝永町,802
桟橋通五丁目,197
桟橋車庫前,520
高知橋,387
桟橋通三丁目,794
梅の辻,542
高知駅前,1577
蓮池町通,315
桟橋通四丁目,353
はりまや橋,4532
桟橋通一丁目,544
桟橋通二丁目,260
島原外港,160
多比良町,391
阿母崎,71
三会,58
南島原,55
神代町,152
森山,123
諫早東高校前,258
愛野,399
幸,376
干拓の里,102
諫早,2181
釜ノ鼻,47
島鉄本社前,95
西郷,150
島原,885
吾妻,242
大三東,73
島鉄湯江,102
松尾町,23
小野本町,143
本諫早,1198
大正,68
古部,53
小田井,373
枇杷島,555
尾張星の宮,438
勝川,468
味美,224
比良,214
名古屋,0
八田,0
朝日,0
富田浜,0
富田,0
蟹江,0
弥富,0
桑名,0
永和,0
長島,0
春田,0
河原田,0
南四日市,0
加佐登,0
四日市,0
河曲,0
河原田,0
亀山,0
井田川,0
三木里,0
紀伊長島,0
九鬼,0
亀山,0
尾鷲,0
相可,0
阿曽,0
一身田,0
大泊,0
波田須,0
伊勢柏崎,0
川添,0
神志山,0
栃原,0
津,0
二木島,0
松阪,0
相賀,0
多気,0
新鹿,0
熊野市,0
下庄,0
紀伊市木,0
三野瀬,0
大曽根浦,0
三瀬谷,0
梅ヶ谷,0
有井,0
徳和,0
阿漕,0
高茶屋,0
船津,0
佐奈,0
滝原,0
大内山,0
六軒,0
賀田,0
新宮,0
鵜殿,0
紀伊井田,0
阿田和,0
国府津,0
御殿場,0
山北,0
富士岡,0
東山北,0
松田,0
上大井,0
相模金子,0
下曽我,0
駿河小山,0
南御殿場,0
大岡,0
岩波,0
裾野,0
谷峨,0
長泉なめり,0
下土狩,0
足柄,0
沼津,0
沼津,0
杉崎,0
打保,0
飛騨古川,0
渚,0
上枝,0
飛騨一ノ宮,0
久々野,0
杉原,0
飛騨国府,0
高山,0
猪谷,0
飛騨細江,0
坂上,0
角川,0
美濃太田,0
坂祝,0
禅昌寺,0
下呂,0
上麻生,0
飛騨宮田,0
中川辺,0
飛騨萩原,0
白川口,0
古井,0
飛騨金山,0
下麻生,0
飛騨小坂,0
焼石,0
上呂,0
下油井,0
鵜沼,0
那加,0
蘇原,0
各務ケ原,0
長森,0
岐阜,0
池の浦シーサイド,0
鳥羽,0
松下,0
多気,0
五十鈴ヶ丘,0
二見浦,0
宮川,0
山田上口,0
伊勢市,0
外城田,0
田丸,0
国母,0
芦川,0
常永,0
落居,0
甲斐岩間,0
東花輪,0
甲斐上野,0
小井川,0
金手,0
南甲府,0
市川大門,0
鰍沢口,0
市川本町,0
甲府,0
善光寺,0
甲斐住吉,0
富士宮,0
富士根,0
甲斐常葉,0
久那土,0
十島,0
入山瀬,0
寄畑,0
柚木,0
井出,0
下部温泉,0
内船,0
富士,0
沼久保,0
竪堀,0
身延,0
市ノ瀬,0
西富士宮,0
塩之沢,0
稲子,0
源道寺,0
芝川,0
波高島,0
甲斐大島,0
多治見,0
美濃太田,0
姫,0
下切,0
可児,0
根本,0
美濃川合,0
小泉,0
塩尻,0
日出塩,0
洗馬,0
贄川,0
木曽平沢,0
奈良井,0
恵那,0
田立,0
南木曽,0
大桑,0
木曽福島,0
十二兼,0
中津川,0
坂下,0
須原,0
藪原,0
瑞浪,0
武並,0
高蔵寺,0
春日井,0
宮ノ越,0
釜戸,0
神領,0
土岐市,0
落合川,0
野尻,0
定光寺,0
原野,0
多治見,0
上松,0
古虎渓,0
美乃坂本,0
勝川,0
倉本,0
大曽根,0
名古屋,0
千種,0
金山,0
鶴舞,0
新守山,0
東京,0
品川,0
新横浜,0
三島,0
小田原,0
三島,0
熱海,0
静岡,0
掛川,0
新富士,0
岐阜羽島,0
名古屋,0
米原,0
京都,0
三河安城,0
浜松,0
豊橋,0
新大阪,0
新大阪,0
三島,0
函南,0
熱海,0
富士,0
金谷,0
西焼津,0
沼津,0
草薙,0
六合,0
原,0
片浜,0
藤枝,0
清水,0
焼津,0
富士川,0
蒲原,0
菊川,0
由比,0
安倍川,0
吉原,0
東静岡,0
袋井,0
用宗,0
静岡,0
興津,0
島田,0
愛野,0
新蒲原,0
東田子の浦,0
大府,0
刈谷,0
東刈谷,0
共和,0
逢妻,0
西岐阜,0
荒尾,0
柏原,0
美濃赤坂,0
醒ヶ井,0
垂井,0
木曽川,0
関ヶ原,0
岐阜,0
近江長岡,0
尾張一宮,0
穂積,0
大垣,0
名古屋,0
稲沢,0
名古屋,0
笠寺,0
熱田,0
枇杷島,0
大高,0
清洲,0
名古屋,0
尾頭橋,0
金山,0
米原,0
米原,0
新所原,0
豊橋,0
岡崎,0
豊田町,0
愛知御津,0
弁天島,0
三河塩津,0
西岡崎,0
三河三谷,0
三ヶ根,0
新居町,0
浜松,0
磐田,0
三河大塚,0
高塚,0
舞阪,0
三河安城,0
安城,0
西小坂井,0
幸田,0
蒲郡,0
天竜川,0
二川,0
鷲津,0
辰野,0
伊那北,0
伊那新町,0
伊那市,0
沢,0
赤木,0
上片桐,0
宮木,0
伊那大島,0
伊那福岡,0
飯島,0
宮田,0
田切,0
下島,0
小町屋,0
七久保,0
大田切,0
伊那田島,0
伊那松島,0
伊那本郷,0
羽場,0
駒ヶ根,0
北殿,0
山吹,0
沢渡,0
下平,0
木ノ下,0
高遠原,0
田畑,0
千代,0
平岡,0
天竜峡,0
東栄,0
元善光寺,0
下山村,0
池場,0
駄科,0
鼎,0
飯田,0
上市場,0
下川合,0
金野,0
時又,0
浦川,0
向市場,0
出馬,0
中部天竜,0
早瀬,0
伊那上郷,0
市田,0
城西,0
温田,0
柿平,0
川路,0
鶯巣,0
水窪,0
小和田,0
大嵐,0
相月,0
伊那八幡,0
三河槙原,0
佐久間,0
切石,0
毛賀,0
為栗,0
門島,0
中井侍,0
唐笠,0
三河川合,0
下市田,0
田本,0
桜町,0
伊那小沢,0
小坂井,0
豊橋,0
鳥居,0
下地,0
三河大野,0
湯谷温泉,0
船町,0
野田城,0
東上,0
三河東郷,0
東新町,0
新城,0
本長篠,0
三河一宮,0
茶臼山,0
牛久保,0
豊川,0
大海,0
長篠城,0
江島,0
長山,0
緒川,0
尾張森岡,0
大府,0
乙川,0
半田,0
亀崎,0
石浜,0
東浦,0
東成岩,0
武豊,0
松阪,0
上ノ庄,0
家城,0
井関,0
伊勢大井,0
一志,0
伊勢奥津,0
権現前,0
伊勢鎌倉,0
伊勢八知,0
比津,0
伊勢八太,0
伊勢竹原,0
伊勢川口,0
関ノ宮,0
天王洲アイル,31303
大井競馬場前,10975
モノレール浜松町,114939
羽田空港第1ビル,28339
天空橋,11417
整備場,2472
羽田空港第2ビル,30263
流通センター,19316
昭和島,6236
新整備場,4508
こどもの国,11841
恩田,843
長津田,12684
下高井戸,18889
若林,8672
宮の坂,4563
山下,8875
世田谷,8656
松原,3550
松陰神社前,10867
三軒茶屋,35163
上町,10050
西太子堂,837
大井町,143269
戸越公園,14268
下神明,8339
二子玉川,0
北千束,7078
上野毛,22538
旗の台,0
等々力,29672
緑が丘,10100
九品仏,13281
大岡山,0
自由が丘,0
中延,23071
尾山台,30551
荏原町,17178
大崎広小路,8421
五反田,113193
戸越銀座,20635
旗の台,40242
荏原中延,13733
雪が谷大塚,25312
石川台,15370
御嶽山,26865
長原,15944
洗足池,18917
蓮沼,8436
久が原,16516
池上,36671
蒲田,167022
千鳥町,16130
渋谷,0
三軒茶屋,139061
二子玉川,162989
二子新地,21609
駒沢大学,78934
梶が谷,39880
高津,32000
用賀,66948
宮崎台,50138
池尻大橋,63855
宮前平,51787
桜新町,72687
溝の口,211801
青葉台,112929
つきみ野,10804
市が尾,44170
中央林間,105786
長津田,141576
たまプラーザ,83397
あざみ野,136448
すずかけ台,11630
田奈,11338
藤が丘,27331
鷺沼,63214
江田,38331
つくし野,11954
南町田,29415
多摩川,22856
代官山,32148
中目黒,196964
祐天寺,31494
自由が丘,156540
学芸大学,77864
多摩川,0
都立大学,48886
渋谷,1163469
田園調布,37175
反町,13283
綱島,103247
元住吉,66509
大倉山,55635
武蔵小杉,225463
横浜,362526
日吉,205216
菊名,138346
新丸子,27287
東白楽,14190
白楽,45224
妙蓮寺,25680
多摩川,0
沼部,11149
武蔵新田,26259
矢口渡,25541
鵜の木,20059
蒲田,0
下丸子,36250
目黒,276680
田園調布,0
不動前,30805
洗足,14903
奥沢,14198
西小山,37508
武蔵小山,53186
大岡山,51332
仲御徒町,42267
入谷,33644
南千住,30040
上野,213020
三ノ輪,41249
秋葉原,125928
北千住,0
神谷町,99610
銀座,266574
広尾,63049
東銀座,90621
霞ヶ関,150628
人形町,82583
茅場町,0
六本木,134902
小伝馬町,39847
八丁堀,111924
築地,77498
日比谷,105614
恵比寿,118260
中目黒,0
上野,0
浅草,107628
末広町,24743
稲荷町,17294
田原町,33317
上野広小路,24495
虎ノ門,117329
外苑前,82616
日本橋,0
溜池山王,109140
銀座,0
青山一丁目,117633
京橋,60685
新橋,252793
神田,60720
赤坂見附,127252
三越前,0
表参道,182125
渋谷,224784
後楽園,105720
御茶ノ水,59493
本郷三丁目,57024
新高円寺,37291
南阿佐ヶ谷,27189
荻窪,88478
茗荷谷,79409
新中野,35626
東高円寺,36043
池袋,568316
新大塚,25491
中野坂上,75848
東京,211558
国会議事堂前,0
淡路町,59445
四谷三丁目,46732
銀座,0
霞ヶ関,0
四ツ谷,125084
大手町,338955
赤坂見附,0
西新宿,86795
新宿三丁目,163044
新宿御苑前,52630
新宿,236657
中野坂上,0
中野新橋,20596
方南町,37224
中野富士見町,19481
西船橋,0
原木中山,27342
妙典,51537
飯田橋,195294
中野,0
落合,26317
神楽坂,41257
高田馬場,203957
早稲田,82370
大手町,0
茅場町,129847
門前仲町,119245
木場,77101
浦安,82018
九段下,176675
竹橋,48453
葛西,106899
南砂町,61001
行徳,58256
南行徳,54278
西葛西,105183
日本橋,189764
東陽町,126363
西船橋,293332
西船橋,0
本駒込,23338
飯田橋,0
後楽園,0
西ヶ原,8523
駒込,40799
東大前,29401
王子,63317
志茂,12425
王子神谷,35406
赤羽岩淵,92093
永田町,82091
四ツ谷,0
麻布十番,49467
溜池山王,0
市ヶ谷,146603
六本木一丁目,82823
白金高輪,42541
飯田橋,0
池袋,0
千川,39140
地下鉄成増,52212
東池袋,44044
池袋,0
江戸川橋,53135
平和台,43929
小竹向原,180429
氷川台,40014
護国寺,44262
要町,40095
地下鉄赤塚,38051
和光市,0
新富町,41479
麹町,65797
市ヶ谷,0
豊洲,214032
有楽町,174378
月島,74049
桜田門,13114
銀座一丁目,38754
辰巳,30379
新木場,109841
永田町,0
西日暮里,170756
千駄木,29107
新御茶ノ水,97514
北綾瀬,30869
町屋,61307
北千住,291919
湯島,35880
根津,28598
綾瀬,451413
二重橋前,34898
日比谷,0
乃木坂,42733
赤坂,95556
大手町,0
国会議事堂前,41233
霞ヶ関,0
代々木公園,28031
表参道,0
代々木上原,0
明治神宮前,105537
神保町,0
押上,177297
錦糸町,105342
神保町,96811
水天宮前,78360
九段下,0
住吉,57015
永田町,0
半蔵門,89961
三越前,129691
大手町,0
清澄白河,55225
青山一丁目,0
渋谷,0
表参道,0
浅草,54556
蔵前,36154
本所吾妻橋,19111
浅草橋,60454
押上,216517
三田,0
高輪台,14822
三田,216184
戸越,21786
日本橋,96939
新橋,98317
五反田,70376
宝町,30176
泉岳寺,218883
東銀座,83607
東日本橋,83290
大門,241127
人形町,52172
中延,31144
西馬込,47457
馬込,27720
水道橋,48084
白山,51263
千石,31936
春日,127727
巣鴨,96125
新板橋,30711
西高島平,12914
板橋区役所前,34647
新高島平,10025
本蓮沼,24960
西巣鴨,30037
高島平,30582
志村坂上,31211
板橋本町,34846
西台,26106
蓮根,19566
志村三丁目,32427
目黒,0
日比谷,86185
内幸町,45317
白金高輪,0
白金台,0
神保町,279576
大手町,104455
三田,0
御成門,46629
芝公園,31368
三田,0
本八幡,77907
神保町,0
神保町,0
篠崎,39858
九段下,111410
西大島,28711
曙橋,38039
東大島,32646
岩本町,53741
菊川,25620
大島,33113
船堀,63212
小川町,72113
市ヶ谷,98926
瑞江,56546
馬喰横山,115517
浜町,22335
一之江,43548
森下,147061
住吉,44268
新宿,444420
新宿三丁目,73148
本郷三丁目,21554
春日,0
両国,33839
上野御徒町,58303
蔵前,33503
新御徒町,52281
飯田橋,33273
東新宿,41560
牛込柳町,20596
新江古田,28035
練馬,80302
落合南長崎,27147
牛込神楽坂,14841
光が丘,62937
豊島園,11716
東中野,27933
練馬春日町,22260
若松河田,31796
中井,25482
中野坂上,40788
大門,0
六本木,100587
汐留,54276
門前仲町,87957
森下,0
築地市場,32729
青山一丁目,77999
麻布十番,38261
勝どき,102315
清澄白河,41892
月島,73692
赤羽橋,40429
新宿,0
西新宿五丁目,33348
都庁前,50008
新宿西口,59709
国立競技場,10366
代々木,37678
荒川車庫前,3350
王子駅前,9239
梶原,2628
荒川遊園地前,2207
荒川七丁目,473
熊野前,3923
三ノ輪橋,3266
荒川二丁目,845
町屋二丁目,775
宮ノ前,3101
荒川区役所前,1689
小台,3186
東尾久三丁目,1563
町屋駅前,8555
荒川一中前,699
栄町,789
早稲田,3179
庚申塚,2450
滝野川一丁目,1610
面影橋,822
西ヶ原四丁目,2515
学習院下,1716
新庚申塚,2649
東池袋四丁目,3743
向原,1460
飛鳥山,993
大塚駅前,7990
巣鴨新田,1180
都電雑司ヶ谷,1067
鬼子母神前,2564
上野動物園西園,7060
上野動物園東園,7060
天王洲アイル,39100
東京テレポート,63300
大崎,0
東雲,13700
新木場,66100
大井町,85600
国際展示場,69100
品川シーサイド,46200
伊東,15152
来宮,0
伊豆多賀,0
宇佐美,0
網代,0
熱海,0
鴻野山,0
滝,0
烏山,1108
仁井田,0
小塙,0
大金,0
下野花岡,0
宝積寺,0
秋田,0
羽後牛島,1404
桂根,0
下浜,0
新屋,1806
羽後本荘,2318
羽前大山,180
東酒田,0
酒田,2434
折渡,0
吹浦,0
岩城みなと,196
西袋,0
女鹿,0
南鳥海,0
西目,640
遊佐,404
金浦,490
羽後岩谷,342
羽前水沢,0
鶴岡,2452
羽後亀田,136
象潟,408
小砂川,0
砂越,290
仁賀保,570
上浜,0
本楯,0
藤島,550
余目,980
北余目,0
道川,0
月岡,0
間島,0
岩船町,0
村上,3368
加治,0
あつみ温泉,238
小岩川,0
中浦,0
平木田,0
越後早川,0
越後寒川,0
小波渡,0
金塚,0
水原,1618
神山,0
五十川,0
三瀬,0
今川,0
平林,0
鼠ヶ関,0
勝木,0
京ヶ瀬,0
府屋,192
桑川,0
中条,2398
新津,0
新発田,7382
坂町,1456
柏崎,0
岩室,0
越後赤塚,0
分水,1044
小島谷,0
東柏崎,0
白山,10832
内野,5398
刈羽,0
吉田,0
小木ノ城,0
新潟大学前,6214
西中通,0
巻,4854
妙法寺,0
青山,2198
越後曽根,1896
北吉田,0
西山,0
関屋,3910
礼拝,0
寺尾,4342
内野西が丘,0
荒浜,0
小針,5302
粟生津,0
寺泊,396
石地,0
南吉田,0
桐原,0
出雲崎,424
新潟,0
新潟,0
川部,620
青森,0
大館,1834
東能代,1022
追分,3442
大張野,0
大鰐温泉,424
下川沿,0
石川,0
大釈迦,0
弘前,9150
碇ヶ関,196
富根,0
大久保,0
北金岡,0
秋田,0
羽後境,416
糠沢,0
羽後飯塚,238
鶴ヶ坂,0
鷹ノ巣,1168
陣場,0
上飯島,0
鯉川,0
森岳,436
四ツ小屋,0
八郎潟,1626
秋田,21758
和田,650
浪岡,1958
二ツ井,702
白沢,0
長峰,0
鶴形,0
撫牛子,0
前山,0
早口,200
井川さくら,576
鹿渡,314
土崎,4296
北常盤,908
津軽新城,690
津軽湯の沢,0
新青森,7238
大曲,4156
横手,2520
新庄,2952
南新庄,0
福島,0
福島,0
高畠,1762
村山,2034
三関,0
神宮寺,428
かみのやま温泉,3074
大滝,0
芦沢,76
峰吉川,136
漆山,0
及位,0
大沢,0
下湯沢,0
羽前豊里,0
袖崎,0
羽前千歳,0
茂吉記念館前,0
大石田,1564
舟形,168
真室川,252
庭坂,0
峠,0
峠,0
峠,0
刈和野,840
中川,0
関根,0
さくらんぼ東根,2564
湯沢,1350
乱川,0
南出羽,0
蔵王,2032
板谷,0
天童,3034
山形,21372
横堀,306
院内,0
上湯沢,0
羽前中山,0
飯詰,322
釜淵,0
赤岩,0
赤湯,2770
東根,0
神町,0
北大石田,0
米沢,5014
醍醐,0
柳田,0
笹木野,0
高擶,0
泉田,0
後三年,0
十文字,854
北山形,3130
置賜,0
衣笠,17514
久里浜,13368
横須賀,10842
田浦,4608
東逗子,10248
逗子,58546
大船,0
北鎌倉,17994
鎌倉,89686
大船,0
新横浜,124818
東神奈川,71968
小机,20904
大口,36822
菊名,106456
橋本,130750
中山,83272
成瀬,37916
相模原,57986
町田,224894
淵野辺,76536
相原,21220
八王子みなみ野,35982
十日市場,42022
長津田,121322
矢部,25010
鴨居,79182
片倉,10454
古淵,45538
八王子,0
松尾八幡平,0
湯瀬温泉,58
八幡平,36
東大更,0
赤坂田,0
兄畑,0
平館,0
安比高原,0
好摩,1012
横間,0
小屋の畑,0
荒屋新町,102
田山,0
大更,494
末広,0
鹿角花輪,422
陸中大里,0
大館,0
十二所,0
土深井,0
柴平,0
沢尻,0
扇田,0
東大館,446
十和田南,360
大滝温泉,0
本千葉,21596
千葉,0
蘇我,0
新茂原,2452
八積,1520
三門,0
本納,3348
安房鴨川,0
鵜原,0
鎌取,40748
上総一ノ宮,5924
御宿,1198
行川アイランド,0
茂原,22564
長者町,804
東浪見,0
永田,2098
安房小湊,406
太東,1022
浪花,0
誉田,13646
大原,3216
勝浦,2194
土気,27106
安房天津,266
上総興津,412
大網,21202
晴山,0
綾織,0
上有住,0
青笹,0
岩手二日町,0
小佐野,102
土沢,362
新花巻,1874
松倉,0
遠野,632
柏木平,0
洞泉,0
荒谷前,0
岩手上郷,0
陸中大橋,0
宮守,182
鱒沢,0
小山田,0
平倉,0
花巻,0
足ヶ瀬,0
似内,0
岩根橋,0
釜石,0
陸前小泉,0
本吉,0
大谷海岸,0
小金沢,0
松岩,0
気仙沼,418
最知,0
不動の沢,0
南気仙沼,0
陸前階上,0
志津川,0
陸前戸倉,0
陸前横山,0
歌津,0
のの岳,0
陸前港,0
蔵内,0
清水浜,0
陸前豊里,212
和渕,0
柳津,116
御岳堂,0
前谷地,0
木更津,0
東横田,0
小櫃,0
上総亀山,0
上総清川,0
久留里,828
平山,0
上総松丘,0
下郡,0
横田,400
東清川,0
馬来田,432
祗園,0
俵田,0
西船橋,0
新習志野,27050
市川塩浜,15512
稲毛海岸,43240
検見川浜,30890
南船橋,42988
海浜幕張,130754
千葉みなと,33466
二俣新町,9208
舞浜,156554
東京,0
越中島,10458
新浦安,111458
葛西臨海公園,26712
八丁堀,66344
新木場,151496
潮見,26424
蘇我,0
武蔵引田,6598
武蔵五日市,8854
武蔵増戸,5206
熊川,0
秋川,14444
拝島,0
東秋留,9598
川部,0
林崎,0
松神,0
向能代,80
陸奥沢辺,0
あきた白神,52
大戸瀬,0
広戸,0
鰺ヶ沢,634
白神岳登山口,0
沢目,0
藤崎,0
陸奥赤石,0
越水,0
八森,0
東八森,0
北能代,0
能代,898
鳴沢,0
風合瀬,0
ウェスパ椿山,0
岩館,52
追良瀬,0
東能代,0
板柳,702
大間越,0
陸奥森田,160
北金ヶ沢,0
横磯,0
陸奥柳田,0
驫木,0
艫作,0
千畳敷,0
木造,424
五所川原,1670
鳥形,0
鶴泊,0
滝ノ間,0
陸奥岩崎,0
中田,0
陸奥鶴田,390
深浦,132
十二湖,0
渋川,0
金島,0
郷原,0
小野上温泉,0
矢倉,0
市城,0
岩島,0
小野上,0
川原湯温泉,54
群馬原町,0
祖母島,0
中之条,1878
群馬大津,0
長野原草津口,1520
万座・鹿沢口,0
羽根尾,0
大前,0
袋倉,0
高崎,0
籠原,29690
神保原,5672
新町,7378
倉賀野,3616
深谷,19902
本庄,20630
岡部,6494
大宮,0
上尾,83494
宮原,46848
北上尾,30990
桶川,52354
鴻巣,39654
北本,38334
熊谷,61372
吹上,18412
北鴻巣,14746
行田,13534
山手,34682
横浜,0
石川町,65144
洋光台,41232
関内,110128
新杉田,76948
根岸,43622
磯子,40320
桜木町,140572
本郷台,37486
大船,0
大船,0
港南台,64558
左沢,618
羽前金沢,0
北山形,0
南寒河江,0
西寒河江,0
羽前高松,0
柴橋,0
寒河江,1870
羽前山辺,1600
羽前長崎,788
東金井,0
田端,92482
巣鴨,154302
駒込,96188
池袋,1119840
高田馬場,413366
目白,75878
新大久保,87858
大塚,113406
大崎,321640
五反田,272090
品川,743574
目黒,220438
恵比寿,287796
渋谷,742672
新宿,0
新宿,0
新宿,0
代々木,0
原宿,152168
新宿,0
宮古,490
山岸,0
千徳,0
箱石,0
磯鶏,0
茂市,98
大志田,0
浅岸,0
区界,4
松草,0
上米内,146
上盛岡,0
平津戸,0
花原市,0
盛岡,0
川内,26
蟇目,0
釜石,508
豊間根,0
織笠,0
津軽石,154
鵜住居,0
吉里吉里,0
陸中川井,68
腹帯,0
大槌,150
浪板海岸,0
両石,0
岩手船越,0
陸中山田,280
香取,0
十二橋,0
鹿島神宮,1994
潮来,698
鹿島サッカースタジアム,876
延方,0
冠着,150
聖高原,610
坂北,262
西条,374
姨捨,0
明科,2128
村井,3552
稲荷山,702
篠ノ井,0
松本,32700
南松本,3190
田沢,1060
塩尻,0
広丘,5254
青沼,0
美里,0
龍岡城,0
三岡,0
北中込,0
乙女,0
中込,1988
岩村田,2502
小諸,3418
佐久平,6012
中佐都,0
東小諸,0
滑津,0
太田部,0
臼田,450
小淵沢,0
海瀬,0
松原湖,0
小海,374
海尻,0
甲斐大泉,118
信濃川上,224
高岩,0
佐久海ノ口,0
清里,444
馬流,0
野辺山,354
甲斐小泉,0
羽黒下,236
八千穂,218
佐久広瀬,0
浦佐,0
長岡,0
燕三条,0
新潟,0
上毛高原,1462
本庄早稲田,4340
越後湯沢,0
高崎,0
大宮,0
熊谷,0
宮内,1892
石打,270
浦佐,2876
ガーラ湯沢,2410
北堀之内,0
塩沢,1226
上越国際スキー場前,0
五日町,0
八色,0
大沢,0
六日町,3624
越後滝谷,0
小千谷,2572
越後堀之内,924
越後川口,382
小出,1788
高崎,59920
新前橋,12110
越後湯沢,5992
高崎問屋町,7028
岩本,0
水上,784
渋川,6814
湯檜曽,0
沼田,3612
後閑,1624
敷島,0
越後中里,0
土合,0
群馬総社,3276
津久田,0
井野,4204
八木原,2100
越後湯沢,0
上牧,0
岩原スキー場前,0
土合,0
湯檜曽,0
土樽,0
駒ヶ嶺,0
坂元,270
浜吉田,1396
相馬,1700
新地,0
日立木,0
逢隈,0
山下,734
岩沼,0
亘理,4270
いわき,12184
泉,4904
木戸,0
広野,702
末続,0
植田,3988
夜ノ森,0
湯本,4334
磐城太田,0
桃内,0
富岡,0
竜田,0
勿来,1724
小高,52
原ノ町,1344
大野,0
内郷,2188
双葉,0
鹿島,0
草野,828
浪江,0
四ツ倉,1304
久ノ浜,404
日立,22922
常陸多賀,14140
小木津,5536
石岡,11248
南中郷,1152
大甕,19298
岩間,2820
赤塚,12498
磯原,3700
水戸,60068
羽鳥,4638
十王,6256
偕楽園,0
佐和,7860
内原,5578
大津港,1872
勝田,26362
高萩,5886
東海,9794
友部,7062
南柏,64878
佐貫,26346
取手,56136
柏,248380
藤代,13020
北柏,38766
高浜,2290
新松戸,76876
取手,0
神立,10844
北小金,48646
天王台,38902
ひたち野うしく,13574
土浦,32114
我孫子,61732
荒川沖,16326
牛久,26246
北松戸,42486
日暮里,221058
馬橋,50492
南千住,33502
北千住,428644
綾瀬,29280
三河島,22186
亀有,83202
松戸,200456
金町,101718
新潟,74690
新潟,0
新津,8686
宮内,0
東光寺,0
矢代田,2248
笠島,0
上越妙高,1868
羽生田,1032
北長岡,0
青海川,0
南高田,1670
さつき野,1942
見附,4356
保内,0
北条,0
越後広田,0
加茂,5702
茨目,0
高田,4684
塚山,0
古津,0
押切,0
帯織,0
長岡,23436
東三条,5562
前川,0
潟町,356
越後石山,4132
米山,0
春日山,1556
上下浜,0
越後岩塚,0
来迎寺,1104
鯨波,0
土底浜,0
北新井,512
三条,3444
柏崎,3342
新井,1946
二本木,280
黒井,0
荻川,3814
亀田,10806
柿崎,1186
長鳥,0
田上,0
安田,630
直江津,4578
犀潟,1438
高崎,0
磯部,2270
安中,3526
横川,444
群馬八幡,2192
松井田,1096
北高崎,3160
西松井田,552
篠ノ井,19868
長野,0
黒姫,572
関山,284
今井,3988
古間,287
妙高高原,564
安茂里,2146
三才,2834
川中島,3192
北長野,4303
牟礼,1485
豊野,2033
安積永盛,0
野木沢,0
磐城浅川,340
近津,0
南石井,0
谷田川,0
小塩江,0
磐城石井,0
里白石,0
中豊,0
川辺沖,0
磐城棚倉,416
磐城石川,1086
磐城守山,0
磐城塙,422
泉郷,228
川東,0
下野宮,0
常陸青柳,0
下小川,0
東館,0
下菅谷,0
玉川村,354
後台,0
水戸,0
常陸津田,0
瓜連,572
上小川,132
上菅谷,1474
河合,0
常陸太田,2378
額田,0
中菅谷,0
山方宿,196
静,0
常陸大宮,1874
谷河原,0
西金,0
野上原,0
常陸鴻巣,0
南酒出,0
中舟生,0
袋田,164
矢祭山,0
常陸大子,662
小山,0
友部,0
新治,1216
小田林,0
稲田,310
結城,4182
福原,310
羽黒,1334
宍戸,782
玉戸,1370
下館,6762
岩瀬,2200
大和,0
東結城,0
川島,1578
笠間,2734
松岸,0
佐倉,0
我孫子,0
小見川,2588
下総神崎,1760
滑河,1854
酒々井,6958
下総松崎,1442
久住,0
空港第2ビル,9904
小林,3982
安食,5522
佐原,6266
布佐,6760
笹川,742
香取,0
成田空港,13904
東我孫子,0
下総豊里,0
湖北,0
水郷,0
大戸,0
新木,5874
下総橘,0
成田,31126
木下,4180
椎柴,0
湖北,8256
拝島,60048
立川,0
鳩ノ巣,0
西立川,13530
古里,0
小作,34134
軍畑,0
白丸,0
奥多摩,1858
立川,0
沢井,0
川井,0
東青梅,13380
青梅,13470
河辺,27154
御嶽,0
日向和田,0
牛浜,9008
中神,22402
福生,32914
東中神,14210
二俣尾,0
昭島,52636
宮ノ平,0
石神前,0
羽村,27916
涌谷,1122
前谷地,324
渡波,1048
万石浦,0
沢田,0
上涌谷,0
陸前稲井,0
浦宿,0
曽波神,0
佳景山,0
鹿又,0
小牛田,0
石巻,6654
池袋,0
赤羽,0
十条,73188
板橋,67044
北仙台,9246
仙台,0
北山,4952
東照宮,6404
国見,6768
羽前千歳,0
面白山高原,0
熊ヶ根,0
楯山,0
葛岡,0
陸前落合,7752
愛子,7900
作並,384
奥新川,0
陸前白沢,0
山寺,996
高瀬,0
多賀城,14090
松島海岸,2034
福田町,8020
陸前浜田,0
あおば通,44052
中野栄,10626
下馬,7582
陸前原ノ町,8238
榴ヶ岡,6516
陸前山下,0
石巻,0
本塩釜,5984
陸前赤井,1140
宮城野原,12522
手樽,0
蛇田,1514
陸前富山,0
西塩釜,0
東矢本,0
矢本,2290
陸前大塚,0
鹿妻,0
高城町,2892
小鶴新田,12288
東塩釜,4916
苦竹,5468
仙台,0
陸前小野,666
陸前高砂,10414
大宮,0
日進,26894
指扇,22244
南古谷,16532
川越,76774
笠幡,6000
西川越,2750
武蔵高萩,6558
的場,6086
高麗川,0
上溝,11998
番田,0
南橋本,11044
原当麻,9648
橋本,0
下溝,0
相武台下,0
香川,10444
門沢橋,0
社家,0
倉見,0
茅ヶ崎,0
北茅ヶ崎,5708
入谷,0
宮山,0
海老名,25474
寒川,13842
厚木,14464
西船橋,0
稲毛,101028
西千葉,45442
物井,7636
成東,5780
飯岡,1548
横芝,2820
新検見川,46010
八日市場,3914
旭,3632
松尾,2002
西船橋,272134
都賀,41788
榎戸,4350
津田沼,207404
日向,2066
飯倉,0
幕張本郷,56594
猿田,0
東千葉,4598
四街道,44264
南酒々井,0
下総中山,46796
銚子,6528
西船橋,0
本八幡,118286
幕張,31460
松岸,1004
八街,11920
佐倉,20096
千葉,210410
干潟,1948
船橋,276008
倉橋,0
東船橋,38888
御茶ノ水,0
新小岩,150778
浅草橋,108140
錦糸町,212444
亀戸,114876
平井,65478
市川,121116
小岩,130408
秋葉原,493246
東京,0
両国,79804
馬喰町,50550
新日本橋,36614
南小谷,246
松本,0
一日市場,1524
島内,0
中萱,800
島高松,0
千国,0
南豊科,1770
北松本,1476
梓橋,924
豊科,1894
細野,0
ヤナバスキー場前,0
信濃常盤,0
稲尾,0
信濃木崎,0
北大町,0
安曇沓掛,0
飯森,0
神城,92
南神城,0
白馬大池,0
信濃松川,1182
安曇追分,612
北細野,0
白馬,644
海ノ口,0
穂高,2278
信濃大町,2602
柏矢町,1042
南大町,0
信濃森上,0
簗場,0
有明,510
真滝,0
岩ノ下,0
折壁,0
摺沢,554
上鹿折,0
鹿折唐桑,0
大船渡,0
竹駒,0
陸中門崎,0
新月,0
千厩,428
矢越,0
陸前矢作,0
小友,0
下船渡,0
陸中松川,0
脇ノ沢,0
盛,0
陸前高田,0
猊鼻渓,0
柴宿,0
細浦,0
小梨,0
気仙沼,0
一ノ関,0
金谷沢,0
下北,396
近川,0
赤川,0
大湊,324
有戸,0
陸奥横浜,136
北野辺地,0
吹越,0
有畑,0
野辺地,582
会津若松,5442
会津本郷,0
会津坂本,0
滝谷,0
七日町,0
若宮,0
根岸,0
会津坂下,816
塔寺,0
郷戸,0
会津高田,0
会津柳津,0
新鶴,0
西若松,1288
会津横田,0
越後広瀬,0
会津川口,128
会津西方,0
藪神,0
会津蒲生,0
上条,0
会津桧原,0
会津塩沢,0
入広瀬,0
早戸,0
会津水沼,0
小出,0
本名,0
会津中川,0
会津越川,0
越後須原,0
大白川,0
魚沼田中,0
会津大塩,0
只見,0
会津宮下,82
上二田,0
出戸浜,0
男鹿,866
追分,0
船越,1250
羽立,0
二田,666
脇本,0
天王,0
水道橋,166702
飯田橋,187924
御茶ノ水,209632
中野,292800
東中野,81074
中野,0
吉祥寺,283280
西荻窪,88954
荻窪,176576
中野,0
阿佐ヶ谷,89332
高円寺,100678
大久保,52840
神田,202680
四ツ谷,191092
市ヶ谷,122368
信濃町,50682
代々木,139334
新宿,1538614
千駄ヶ谷,36854
塩尻,8194
八王子,170186
国分寺,223358
初狩,0
川岸,0
富士見,1934
すずらんの里,0
甲府,29594
西国分寺,58600
武蔵境,135334
小淵沢,2916
東小金井,61004
青柳,0
春日居町,0
鳥沢,0
岡谷,6540
みどり湖,0
韮崎,5164
小野,310
笹子,0
武蔵小金井,122070
日野春,1218
東山梨,0
酒折,4548
信濃境,322
上野原,10424
大月,10834
塩崎,2224
新府,0
藤野,4842
塩山,4162
西八王子,64604
長坂,0
国立,107424
上諏訪,8776
甲斐大和,0
四方津,3360
豊田,68002
穴山,0
信濃川島,0
辰野,1180
石和温泉,5862
竜王,4542
梁川,0
相模湖,4652
高尾,58142
下諏訪,4280
猿橋,2802
茅野,7582
立川,0
勝沼ぶどう郷,902
山梨市,3566
立川,331290
三鷹,191936
日野,54624
津軽浜名,0
三厩,46
青森,10684
中小国,0
蟹田,328
今別,0
奥内,0
瀬辺地,0
左堰,0
中沢,0
津軽二股,0
大平,0
郷沢,0
蓬田,0
津軽宮田,0
油川,810
大川平,0
後潟,72
鶴見,160364
鶴見小野,0
扇町,0
浜川崎,0
安善,0
弁天橋,0
大川,0
新芝浦,0
昭和,0
浅野,0
国道,0
浅野,0
武蔵白石,0
海芝浦,0
大釜,940
小岩井,936
雫石,1106
春木場,0
赤渕,0
盛岡,0
盛岡,0
生田,0
田沢湖,610
刺巻,0
神代,0
角館,1224
羽後長野,160
北大曲,0
鶯野,0
鑓見内,0
大曲,0
羽後四ツ屋,0
品川,0
新橋,0
大森,190378
浜松町,310588
品川,0
田町,305248
東京,0
東京,0
東京,0
西大井,30334
新橋,542056
大井町,208460
品川,0
東京,879108
有楽町,339100
川崎,0
横浜,829366
新川崎,54528
新子安,45868
鶴見,0
蒲田,288144
横浜,0
保土ヶ谷,67226
国府津,12134
熱海,0
熱海,20114
戸塚,222810
平塚,0
大磯,16102
早川,2710
辻堂,115820
茅ヶ崎,112132
東戸塚,116800
平塚,123688
大船,198278
二宮,27446
小田原,68968
根府川,0
鴨宮,25316
湯河原,11844
藤沢,216410
真鶴,6752
成東,0
求名,4306
大網,0
福俵,0
東金,8578
二戸,1554
いわて沼宮内,164
八戸,8912
盛岡,0
北上,0
水沢江刺,2032
一ノ関,0
新花巻,0
古川,0
くりこま高原,2152
仙台,0
福島,0
白石蔵王,1724
郡山,0
那須塩原,0
新白河,0
宇都宮,0
小山,0
上野,0
大宮,0
東京,0
西平内,137
三沢,2568
小湊,861
狩場沢,44
向山,54
清水川,168
下田,497
矢幅,5916
野辺地,1504
小川原,28
小柳,1055
矢田前,1259
千曳,5
上北町,586
野内,1054
陸奥市川,364
浅虫温泉,679
仙北町,3140
乙供,472
岩手飯岡,4764
盛岡,35558
東青森,1302
青森,0
北上,7654
陸中折居,0
石越,632
前沢,1092
花巻空港,1398
六原,464
平泉,946
金ヶ崎,1170
花泉,736
一ノ関,8952
古館,1560
石鳥谷,2260
水沢,3732
有壁,0
村崎野,1874
清水原,0
紫波中央,0
山ノ目,0
油島,0
日詰,1062
花巻,6656
岩沼,14246
仙台,174680
小牛田,4194
塩釜,5862
国府多賀城,2130
鹿島台,3336
品井沼,676
岩切,9126
利府,5438
松島,1778
館腰,4562
新田,484
東仙台,6926
田尻,894
梅ヶ沢,0
松山町,1206
瀬峰,1006
新利府,0
名取,25016
南仙台,19768
長町,17534
愛宕,0
陸前山王,0
槻木,5666
東白石,0
福島,33072
桑折,1262
白石,5872
船岡,6714
北白川,0
藤田,1284
東福島,1460
福島,0
大河原,6676
貝田,0
越河,0
伊達,1882
郡山,0
豊原,0
矢吹,2268
黒磯,4556
白坂,0
日和田,0
松川,2276
泉崎,0
白河,1330
金谷川,5860
南福島,3710
五百川,0
黒田原,1016
鏡石,1760
高久,0
郡山,36220
安達,1636
安積永盛,4712
須賀川,4614
杉田,0
新白河,5998
西那須野,7374
二本松,3810
本宮,3614
那須塩原,10376
久田野,0
宇都宮,73168
宝積寺,4404
石橋,9712
古河,26946
氏家,6250
片岡,1468
間々田,8666
蒲須坂,676
小山,44068
岡本,4118
野崎,2398
自治医大,7390
小金井,8056
雀宮,9230
矢板,5654
野木,9782
田端,0
日暮里,0
秋葉原,0
西日暮里,200552
上野,0
上野,365386
秋葉原,0
上野,0
日暮里,0
尾久,18084
上野,0
御徒町,133950
鶯谷,49222
王子,127380
上中里,15280
赤羽,0
大宮,0
大宮,0
浦和,179926
栗橋,24300
南浦和,0
北戸田,41120
新白岡,13706
北与野,18692
与野本町,30124
さいたま新都心,100138
蓮田,42096
東鷲宮,20198
与野,52102
久喜,71664
白岡,25820
東大宮,65284
西川口,111838
北浦和,104660
武蔵浦和,0
東十条,45966
川口,166040
戸田公園,68258
大宮,505538
南与野,35324
浮間舟渡,42684
北赤羽,37698
赤羽,187068
戸田,38778
蕨,120268
土呂,30380
中浦和,26068
東京,0
東京,0
東京,0
神田,0
安房鴨川,2688
蘇我,66246
岩井,570
巖根,3602
太海,134
五井,37338
保田,546
千歳,0
木更津,27792
上総湊,1576
大貫,2254
袖ヶ浦,9746
佐貫町,522
江見,140
南三原,1002
館山,3572
浜野,14560
千倉,756
八幡宿,23784
那古船形,370
九重,0
青堀,3148
竹岡,0
浜金谷,600
姉ヶ崎,20824
和田浦,0
安房勝山,662
長浦,12176
富浦,458
君津,16552
津田山,7542
宿河原,16050
武蔵新城,71756
久地,27898
武蔵溝ノ口,169150
尻手,28484
平間,28688
浜川崎,0
矢向,36268
川崎,418960
川崎新町,4522
八丁畷,3098
向河原,25152
武蔵小杉,256158
鹿島田,37340
武蔵中原,69818
矢川,16152
立川,0
稲田堤,52506
矢野口,20142
中野島,29290
西国立,20706
登戸,163328
分倍河原,80700
府中本町,34642
稲城長沼,14632
谷保,20720
南多摩,14090
鶴田,2864
宇都宮,0
文挟,0
鹿沼,4166
下野大沢,1490
日光,2048
今市,2226
大形,2512
佐々木,1770
東新潟,3688
豊栄,7438
新潟,0
黒山,0
早通,2214
新崎,2734
新発田,0
新潟,0
西新発田,0
鮫,654
長苗代,0
種市,318
大久喜,0
陸中中野,0
階上,0
白銀,0
陸中夏井,0
小中野,0
平内,0
種差海岸,0
有家,0
玉川,0
宿戸,0
陸中八木,0
侍浜,0
陸奥白浜,0
角の浜,0
大蛇,0
陸奥湊,286
金浜,0
本八戸,2328
八戸,2904
久慈,486
倉賀野,0
丹荘,0
群馬藤岡,2442
松久,0
北藤岡,0
児玉,682
高麗川,9310
拝島,0
折原,0
金子,4046
小宮,6372
箱根ヶ崎,8790
毛呂,1438
寄居,842
竹沢,0
北八王子,18196
明覚,0
東飯能,11322
八王子,0
越生,1538
用土,0
小川町,1288
東福生,0
十日町,1012
内ヶ巻,0
森宮野原,80
足滝,0
上桑名川,0
西大滝,0
横倉,42
越後田沢,0
越後水沢,0
津南,206
越後岩沢,0
越後鹿渡,0
魚沼中条,0
下条,0
越後田中,0
信濃白鳥,20
越後川口,0
平滝,14
桑名川,0
土市,0
豊野,2640
立ヶ花,0
上境,0
替佐,256
戸狩野沢温泉,320
北飯山,0
蓮,0
信濃平,0
上今井,408
飯山,1950
信濃浅野,324
郡山,0
郡山,0
笈川,0
東長原,0
猪苗代,1192
翁島,0
磐梯町,304
磐梯熱海,524
猪苗代湖畔,0
川桁,0
山都,408
安子ヶ島,0
塩川,566
荻野,50
関都,0
喜久田,0
喜多方,1888
会津豊川,0
姥堂,0
広田,0
上戸,0
中山宿,0
会津若松,0
堂島,0
北五泉,1512
新関,0
東下条,0
鹿瀬,0
津川,342
五十島,0
日出谷,0
三川,0
新津,0
馬下,0
豊実,0
五泉,2140
尾登,0
徳沢,10
野沢,318
東新津,0
上野尻,30
猿和田,0
咲花,0
郡山,0
小川郷,0
要田,0
磐城常葉,0
赤井,0
三春,1814
菅谷,174
江田,0
夏井,0
神俣,344
郡山,0
小野新町,814
いわき,0
大越,0
舞木,0
川前,0
船引,1662
東松戸,39172
船橋法典,37082
市川大野,23536
新松戸,0
西船橋,0
新八柱,48990
東川口,69908
三郷,28634
南流山,66560
吉川,36164
南越谷,148382
新三郷,31404
北朝霞,140290
武蔵浦和,103698
東浦和,56744
南浦和,118062
西浦和,29356
北府中,30272
新秋津,77166
東所沢,30836
府中本町,0
新小平,23018
西国分寺,0
新座,40540
米沢,0
今泉,436
羽前松岡,0
犬川,0
成島,0
羽前小松,672
小国,226
中郡,0
伊佐領,0
羽前椿,54
羽前沼沢,0
萩生,0
手ノ子,0
南米沢,0
西米沢,0
越後大島,0
越後下関,184
坂町,0
越後片貝,0
越後金丸,0
岩沢,0
横川目,0
北上,0
ゆだ錦秋湖,0
藤根,332
立川目,0
和賀仙人,0
柳原,0
江釣子,0
矢美津,0
黒沢,0
ほっとゆだ,210
相野々,28
ゆだ高原,0
小松川,0
平石,0
横手,0
高崎,0
安中榛名,552
佐久平,0
軽井沢,7274
上田,5842
長野,0
矢作,0
燕,2052
弥彦,462
吉田,3166
西燕,0
北三条,778
燕三条,4464
東三条,0
余目,0
新庄,0
南野,0
古口,62
羽前前波,0
清川,0
狩川,166
高屋,0
津谷,0
升形,0
有備館,0
岩出山,420
塚目,0
上野目,0
池月,0
東大崎,0
西大崎,0
小牛田,0
西古川,0
古川,9532
北浦,0
陸前谷地,0
新庄,0
堺田,0
立小路,0
東長沢,0
鳴子御殿湯,120
赤倉温泉,0
大堀,0
南新庄,0
鵜杉,0
最上,0
長沢,0
瀬見温泉,0
鳴子温泉,452
中山平温泉,0
川渡温泉,0
小山,0
栃木,10402
思川,0
大平下,0
岩舟,0
山前,1744
佐野,7168
桐生,7910
岩宿,2506
新前橋,0
前橋,20706
前橋大島,3370
足利,6690
伊勢崎,11650
富田,0
小俣,0
駒形,5724
国定,3128
館林,10995
新伊勢崎,1283
福居,758
茂林寺前,1698
県,582
境町,1543
伊勢崎,6738
細谷,2659
韮川,2317
川俣,2782
木崎,2565
羽生,14264
世良田,469
多々良,670
東武和泉,1061
野州山辺,768
太田,11756
剛志,1416
足利市,6330
大袋,18424
一ノ割,18469
堀切,4406
新田,31697
鐘ヶ淵,12716
姫宮,5467
せんげん台,59513
浅草,0
西新井,66865
谷塚,38237
竹ノ塚,73186
小菅,5830
北越谷,53828
春日部,72856
曳舟,27559
新越谷,152540
草加,87341
北春日部,10461
蒲生,17571
東向島,19107
とうきょうスカイツリー,0
五反野,36439
浅草,48673
武里,16209
越谷,50477
獨協大学前,59221
梅島,34093
北千住,454781
牛田,22679
和戸,4073
加須,13789
東武動物公園,32463
久喜,52454
花崎,11036
鷲宮,7041
南羽生,3853
国谷,970
野州平川,1031
江曽島,2197
おもちゃのまち,2506
南宇都宮,1174
東武宇都宮,9894
安塚,1255
野州大塚,495
壬生,2314
西川田,2368
新栃木,0
西大家,4018
坂戸,0
武州唐沢,3056
越生,3939
東毛呂,5675
川角,15663
武州長瀬,4496
一本松,4258
新藤原,907
小佐越,436
新高徳,336
大桑,197
鬼怒川温泉,3062
鬼怒川公園,267
下今市,0
大谷向,191
曳舟,0
東あずま,7940
小村井,11247
亀戸,26817
亀戸水神,4074
太田,0
赤城,1224
藪塚,1101
阿左美,578
相老,797
治良門橋,589
新桐生,2121
三枚橋,621
館林,0
田沼,965
渡瀬,231
多田,156
堀米,377
佐野市,758
葛生,983
吉水,1104
佐野,3497
田島,131
太田,0
東小泉,1604
成島,1178
竜舞,587
西小泉,1432
小泉町,430
本中野,1036
館林,0
篠塚,228
西新井,0
大師前,14170
池袋,482214
大山,51813
北池袋,9902
成増,59640
上板橋,51674
下赤塚,16551
中板橋,28527
ときわ台,48527
朝霞台,163056
朝霞,68891
下板橋,16044
東武練馬,60646
和光市,176577
森林公園,14499
川越市,44676
柳瀬川,20787
鶴瀬,49596
若葉,38279
東武竹沢,768
北坂戸,20196
寄居,3885
川越,126451
東松山,29485
鶴ヶ島,33552
高坂,25678
みずほ台,41134
志木,105247
武蔵嵐山,7597
鉢形,1068
玉淀,526
男衾,1671
ふじみ野,67250
上福岡,56973
霞ヶ関,30046
新河岸,24912
つきのわ,4980
小川町,10151
坂戸,28748
新栃木,4017
樅山,565
板荷,73
新大平下,2669
楡木,251
下小代,200
家中,445
北鹿沼,169
栃木,11888
明神,238
東武金崎,534
合戦場,344
新鹿沼,3554
藤岡,1432
下今市,2504
東武日光,3726
上今市,101
新古河,1794
板倉東洋大前,4105
東武日光,0
柳生,1471
静和,1362
東武動物公園,0
幸手,14003
南栗橋,8825
杉戸高野台,11939
栗橋,11831
柏,146858
馬込沢,26786
増尾,13386
鎌ヶ谷,22898
逆井,14406
六実,15409
高柳,14124
塚田,15821
新船橋,13544
新柏,20337
船橋,115566
流山おおたかの森,56910
豊四季,15131
七光台,7204
梅郷,17269
運河,22029
川間,17286
南桜井,14881
藤の牛島,7262
春日部,0
清水公園,5085
八木崎,10811
初石,18741
野田市,10177
愛宕,9747
江戸川台,24425
大宮,137309
大和田,19883
七里,20556
北大宮,6282
岩槻,36915
東岩槻,20796
豊春,13654
大宮公園,10132
西船橋,120885
西船橋,0
飯山満,19096
東海神,8083
東葉勝田台,31391
船橋日大前,20096
八千代中央,23575
西船橋,0
村上,5875
北習志野,40326
八千代緑が丘,38893
立野,0
南阿蘇水の生まれる里白水高原,0
長陽,0
阿蘇下田城ふれあい温泉,0
中松,124
加勢,0
高森,130
阿蘇白川,1
見晴台,1
紀ノ川,0
磯ノ浦,140
八幡前,1575
西ノ庄,662
加太,767
二里ヶ浜,411
中松江,927
東松江,966
泉佐野,0
関西空港,34459
りんくうタウン,24607
高野山,2196
極楽橋,0
羽衣,0
高師浜,1631
伽羅橋,1532
汐見橋,602
芦原町,192
河内長野,28032
中百舌鳥,23493
下古沢,51
百舌鳥八幡,4549
大阪狭山市,9317
紀伊清水,289
林間田園都市,8355
橋本,8222
天見,367
千早口,256
九度山,618
三日市町,15049
沢ノ町,8040
岸里玉出,0
萩原天神,7416
狭山,5946
学文路,492
美加の台,4001
我孫子前,8446
初芝,16856
紀見峠,610
御幸辻,2829
千代田,14216
滝谷,5371
三国ヶ丘,39989
上古沢,14
紀伊細川,21
岸里玉出,0
極楽橋,32
紀伊神谷,10
高野下,101
金剛,33690
帝塚山,7876
北野田,34365
住吉東,6537
白鷺,10276
津守,745
西天下茶屋,249
堺東,59980
木津川,123
浅香山,8459
みさき公園,0
深日町,565
深日港,690
多奈川,661
難波,254694
岸里玉出,6672
天下茶屋,72641
岸里玉出,0
新今宮,95134
今宮戎,1425
萩ノ茶屋,1496
粉浜,4220
北助松,12595
住吉大社,8971
鶴原,3269
淡輪,2221
堺,38196
羽衣,21807
泉大津,28682
松ノ浜,3967
蛸地蔵,4742
岸和田,23945
鳥取ノ荘,3639
和歌山市,17041
住ノ江,12027
井原里,3156
樽井,8017
泉佐野,23954
石津川,14150
二色浜,4571
岡田浦,2373
吉見ノ里,3750
七道,11234
忠岡,9548
貝塚,20181
諏訪ノ森,8030
箱作,5108
尾崎,10870
湊,6551
春木,14746
みさき公園,5023
浜寺公園,4321
紀ノ川,2829
孝子,120
羽倉崎,6262
高石,9959
和泉大宮,4605
和歌山市,0
和歌山港,485
山下,0
日生中央,10940
ケーブル山上,403
黒川,403
平野,7109
山下,6847
光風台,3629
滝山,2147
鼓滝,5323
絹延橋,1742
多田,7092
一の鳥居,825
鴬の森,1162
妙見口,923
川西能勢口,0
畦野,7817
ときわ台,2364
笹部,150
松風町,0
函館駅前,0
深堀町,1336
柏木町,1563
競馬場前,525
昭和橋,733
堀川町,797
中央病院前,982
杉並町,1080
松風町,1494
駒場車庫前,390
湯の川,1731
函館アリーナ前,1301
千代台,623
五稜郭公園前,4498
新川町,618
湯の川温泉,1037
千歳町,552
谷地頭,863
宝来町,504
青柳町,224
十字街,0
魚市場通,604
末広町,884
函館どつく前,526
函館駅前,4791
市役所前,538
大町,381
十字街,2917
公園上,141
強羅,11396
公園下,80
中強羅,143
早雲山,4363
上強羅,103
宮ノ下,829
箱根湯本,11507
大平台,325
彫刻の森,849
強羅,0
塔ノ沢,110
入生田,1074
小田原,0
小涌谷,635
箱根板橋,2463
風祭,1730
山麓,603
山上,603
ケーブル延暦寺,540
ケーブル坂本,540
八代,648
出水,237
袋,20
水俣,398
阿久根,700
肥後田浦,82
米ノ津,200
野田郷,361
佐敷,574
上田浦,19
西出水,555
西方,17
肥後高田,443
日奈久温泉,108
海浦,31
肥後二見,92
新水俣,103
薩摩高城,5
折口,215
牛ノ浜,44
湯浦,155
たのうら御立岬公園,125
津奈木,109
高尾野,151
薩摩大川,18
草道,73
上川内,258
川内,388
丸の内,579
安野屋,192
諏訪川原,45
安野屋,0
大学前,2273
富山トヨペット本社前（五福末広町）,1087
丸の内,0
新富町,565
県庁前,365
電鉄富山駅・エスタ前,0
南富山,1345
上堀,286
大庄,213
朝菜町,107
月岡,111
開発,314
大川寺,129
上滝,363
岩峅寺,0
小杉,417
布市,264
南富山,0
不二越,399
稲荷町,0
大泉,232
電鉄富山駅・エスタ前,2177
中加積,251
音沢,79
堀川小泉,800
浦山,264
地鉄ビル前,363
電鉄魚津,867
小泉町,343
越中泉,70
寺田,368
東三日市,421
浜加積,89
新宮川,103
稲荷町,1176
宇奈月温泉,898
下立,93
滑川,347
電気ビル前,606
桜橋,635
越中舟橋,596
西魚津,163
電鉄富山,7752
南富山駅前,2011
若栗,65
電鉄石田,277
広貫堂前,325
西中野,359
愛本,243
越中中村,11
東新庄,920
上本町,251
大町,678
越中荏原,1614
西滑川,321
中滑川,796
早月加積,112
上市,1876
電鉄黒部,774
荻生,85
西町,1567
荒町,506
経田,966
栃屋,80
相ノ木,238
舌山,73
長屋,29
内山,191
越中三郷,532
西加積,52
下立口,49
新魚津,1503
下段,90
岩峅寺,417
本宮,25
榎町,411
田添,44
稚子塚,63
寺田,0
横江,52
五百石,902
立山,623
有峰口,83
千垣,118
釜ヶ淵,241
沢中山,70
富士山,0
富士急ハイランド,1173
河口湖,3034
葭池温泉前,139
谷村町,630
下吉田,498
上大月,99
三つ峠,483
富士山,1699
禾生,561
田野倉,631
東桂,482
寿,404
赤坂,771
都留市,445
月江寺,593
大月,3268
都留文科大学前,1802
十日市場,116
東京ディズニーシー･ステーション,46618
リゾートゲートウェイ･ステーション,38016
東京ディズニーランド･ステーション,17972
ベイサイド･ステーション,15528
花堂,60
越前武生,444
田原町,980
西鯖江,313
福井城址大名町,227
三十八社,51
福井,448
水落,193
ベル前,384
赤十字前,282
商工会議所前,34
ハーモニーホール,51
浅水,406
北府,232
足羽山公園口,15
神明,596
江端,92
家久,118
鳥羽中,89
西山公園,25
仁愛女子高校,155
サンドーム西,84
藤崎,24484
東比恵,22074
祗園,15310
姪浜,97119
唐人町,22042
赤坂,32299
福岡空港,52591
天神,144162
西新,48295
中洲川端,37054
大濠公園,21697
室見,16643
博多,156035
貝塚,21666
中洲川端,0
箱崎九大前,7217
呉服町,7961
箱崎宮前,8380
千代県庁口,9059
馬出九大病院前,12154
橋本,8691
梅林,3080
桜坂,3716
賀茂,5702
茶山,4843
野芥,7659
福大前,13633
渡辺通,7608
薬院大通,6064
七隈,9702
薬院,18354
天神南,29102
別府,10956
金山,5893
六本松,11214
次郎丸,5957
美術館図書館前,541
桜水,563
上松川,704
飯坂温泉,1071
医王寺前,616
笹谷,1157
曽根田,761
花水坂,531
平野,756
岩代清水,934
福島,4559
泉,424
田川伊田,0
上金田,142
田川市立病院,177
糒,217
ふれあい生力,178
中泉,79
直方,1413
南直方御殿口,57
あかぢ,45
金田,680
市場,48
藤棚,179
赤池,268
人見,109
下伊田,240
金田,0
田川後藤寺,423
豊前大熊,44
大藪,213
松山,28
糸田,149
田川伊田,848
行橋,734
犀川,271
新豊津,259
油須原,94
勾金,293
上伊田,69
今川河童,71
美夜古泉,122
赤,46
内田,24
源じいの森,40
豊津,53
崎山,38
柿下温泉口,40
東犀川三四郎,42
杉山,0
向ヶ丘,0
植田,0
柳生橋,0
神戸,0
やぐま台,0
小池,0
南栄,3732
老津,0
愛知大学前,0
三河田原,3006
大清水,2925
高師,2868
芦原,0
新豊橋,18228
豊島,0
市役所前,0
東八町,0
運動公園前,0
駅前,0
前畑,0
駅前大通,0
新川,0
赤岩口,0
競輪場前,0
豊橋公園前,0
東田坂上,0
札木,0
東田,0
井原,0
くびき,138
魚沼丘陵,121
大池いこいの森,12
しんざ,137
ほくほく大島,104
美佐島,9
十日町,1418
六日町,1017
まつだい,473
虫川大杉,254
うらがわら,188
犀潟,0
木古内,150
中小国,0
津軽今別,0
緑,0
川湯温泉,0
鱒浦,0
止別,0
桂台,0
五十石,0
網走,0
浜小清水,0
中斜里,0
茅沼,0
美留和,0
塘路,0
清里町,0
藻琴,0
札弦,0
東釧路,0
摩周,90
原生花園,0
遠矢,0
釧路湿原,0
南斜里,0
北浜,0
磯分内,0
知床斜里,236
細岡,0
標茶,310
南弟子屈,0
五稜郭,0
清川口,180
上磯,180
茂辺地,30
七重浜,250
泉沢,10
札苅,10
東久根別,120
釜谷,10
久根別,130
渡島当別,60
東釧路,0
厚岸,294
姉別,0
昆布盛,0
落石,0
帯広,3514
音別,70
十弗,0
門静,0
利別,0
尾幌,0
西庶路,0
庶路,0
白糠,82
古瀬,0
厚内,0
新富士,0
釧路,2192
直別,0
東根室,0
浦幌,132
花咲,0
別当賀,0
新大楽毛,0
稲士別,0
糸魚沢,0
札内,632
上尾幌,0
茶内,0
上厚内,0
武佐,0
厚床,0
初田牛,0
大楽毛,0
豊頃,0
別保,0
池田,508
西和田,0
新吉野,0
尺別,0
幕別,416
浜中,0
根室,218
富良野,0
羽帯,0
島ノ下,0
平岸,0
野花南,0
赤平,200
下金山,0
芽室,670
新得,0
山部,0
上芦別,0
幾寅,0
芦別,218
大成,0
茂尻,0
柏林台,0
東鹿越,0
金山,0
西帯広,0
御影,0
布部,0
落合,0
十勝清水,602
東滝川,0
滝川,0
桑園,0
札比内,0
石狩金沢,0
北海道医療大学,0
下徳富,0
新十津川,0
本中小屋,0
鶴沼,0
篠路,6278
あいの里公園,0
新川,6646
中小屋,0
石狩太美,0
知来乙,0
百合が原,0
豊ヶ岡,0
南下徳富,0
あいの里教育大,7634
浦臼,0
石狩当別,4872
月ヶ岡,0
石狩月形,100
太平,0
八軒,4724
晩生内,0
於札内,0
新琴似,8194
札的,0
拓北,5130
追分,532
志文,0
栗丘,0
三川,0
栗山,0
由仁,0
古山,0
安平,0
栗沢,0
岩見沢,0
白老,1426
鷲別,0
母恋,0
登別,824
洞爺,570
東室蘭,3880
早来,0
豊浦,0
沼ノ端,0
伊達紋別,1136
幌別,1474
崎守,0
輪西,0
遠浅,0
萩野,0
大岸,0
青葉,0
小幌,0
礼文,0
有珠,0
社台,0
糸井,0
長万部,0
御崎,0
竹浦,0
黄金,0
静狩,0
虎杖浜,0
苫小牧,7354
稀府,0
長和,0
北吉原,0
錦岡,0
富浦,0
室蘭,1238
本輪西,0
北舟岡,0
北剣淵,0
北比布,0
東六線,0
雄信内,0
智北,0
北永山,0
美深,130
南美深,0
旭川,0
初野,0
豊清水,0
蘭留,0
糠南,0
南比布,0
智恵文,0
塩狩,0
東風連,0
日進,0
天塩中川,0
歌内,0
永山,1002
和寒,0
天塩川温泉,0
下士別,0
筬島,0
旭川四条,0
問寒別,0
多寄,0
恩根内,0
佐久,0
剣淵,0
比布,0
新旭川,0
士別,632
名寄,802
風連,0
咲来,0
紋穂内,0
瑞穂,0
北星,0
音威子府,56
豊富,0
抜海,0
安牛,0
幌延,88
下沼,0
勇知,0
南幌延,0
上幌延,0
兜沼,0
南稚内,152
稚内,168
徳満,0
新得,500
南清水沢,0
新夕張,106
清水沢,0
鹿ノ谷,0
沼ノ沢,0
十三里,0
占冠,18
滝ノ上,0
夕張,0
トマム,0
南千歳,0
追分,0
川端,0
東追分,0
網走,676
瀬戸瀬,0
西女満別,0
美幌,500
下白滝,0
遠軽,400
生田原,0
愛し野,0
北見,1436
女満別,0
端野,0
相内,0
金華,0
西留辺蘂,0
留辺蘂,0
東相内,0
西北見,0
丸瀬布,0
生野,0
呼人,0
旧白滝,0
安国,0
柏陽,0
緋牛内,0
新旭川,0
東雲,0
上川,312
安足間,0
当麻,0
中愛別,0
上白滝,0
愛別,0
伊香牛,0
東旭川,0
北日ノ出,0
南永山,0
将軍山,0
白滝,0
愛山,0
桜岡,0
白石,0
美々,0
上野幌,5756
北広島,15400
新千歳空港,34192
南千歳,2794
長都,0
恵庭,14668
恵み野,6950
平和,5474
新札幌,29198
サッポロビール庭園,0
島松,3870
千歳,17874
沼ノ端,0
植苗,0
日高東別,0
豊郷,0
荻伏,0
様似,12
新冠,0
絵笛,0
東町,0
蓬栄,0
東静内,0
富川,0
節婦,0
鵡川,0
日高三石,0
大狩部,0
本桐,0
西様似,0
春立,0
汐見,0
静内,336
日高門別,0
鵜苫,0
清畠,0
浦河,8
厚賀,0
日高幌別,0
苫小牧,0
勇払,0
浜田浦,0
浜厚真,0
旭川,10666
妹背牛,0
伊納,0
深川,2198
近文,0
江部乙,0
納内,0
滝川,3260
岩見沢,9588
野幌,13188
銭函,3922
美唄,2736
銀山,0
豊幌,0
小樽,18796
南小樽,3874
倶知安,1074
塩谷,0
比羅夫,0
ニセコ,210
然別,0
蘭越,154
稲穂,0
札幌,198872
小沢,0
高砂,5660
厚別,6624
昆布,0
蘭島,0
砂川,1410
白石,16364
手稲,31320
光珠内,0
峰延,0
奈井江,524
江別,7404
琴似,23384
大麻,14230
小樽築港,5000
余市,1330
星置,12340
ほしみ,0
幌向,2418
苗穂,8466
稲積公園,9514
仁木,0
豊沼,0
札幌,0
森林公園,8346
茶志内,0
発寒中央,8660
朝里,0
上幌向,0
桑園,20964
発寒,9096
長万部,300
五稜郭,1384
鹿部,0
森,556
落部,0
山越,0
池田園,0
流山温泉,0
北豊津,0
二股,0
渡島沼尻,0
石谷,0
銚子口,0
東山,0
野田生,0
石倉,0
仁山,0
黒岩,0
八雲,456
掛澗,0
蕨岱,0
大中山,0
東森,0
山崎,0
熱郛,0
大沼,164
渡島砂原,0
尾白内,0
赤井川,0
駒ヶ岳,0
函館,6190
本石倉,0
姫川,0
鷲ノ巣,0
桂川,0
七飯,1028
黒松内,0
中ノ沢,0
目名,0
新函館北斗,134
国縫,0
桔梗,626
大沼公園,302
美瑛,1024
北美瑛,0
千代ヶ岡,0
西瑞穂,0
中富良野,0
富良野,1316
旭川,0
西神楽,0
美馬牛,0
西中,0
西御料,0
緑が丘,0
鹿討,0
学田,0
神楽岡,0
上富良野,694
西聖和,0
深川,0
秩父別,0
北秩父別,0
北一已,0
石狩沼田,194
恵比島,0
幌糠,0
藤山,0
真布,0
舎熊,0
阿分,0
峠下,0
増毛,0
朱文別,0
礼受,0
箸別,0
信砂,0
留萌,98
瀬越,0
大和田,0
宮津,769
西舞鶴,392
京丹後大宮,146
コウノトリの郷,3
天橋立,457
東雲,16
久美浜,94
四所,20
与謝野,264
栗田,219
丹後神崎,10
峰山,288
夕日ヶ浦木津温泉,124
小天橋,63
豊岡,211
かぶと山,69
網野,211
丹後由良,65
岩滝口,55
牧,13
辛皮,5
喜多,3
大江山口内宮,8
公庄,8
福知山,993
下天津,1
荒河かしの木台,28
二俣,2
大江,73
宮津,0
大江高校前,220
宮村,4
福知山市民病院口,40
城野,2233
片野,4356
旦過,3718
北方,4185
徳力公団前,4502
徳力嵐山口,3109
香春口三萩野,5133
守恒,4865
企救丘,4116
競馬場前,4589
小倉,17883
志井,2344
平和通,6827
長,50
法華口,108
播磨下里,89
播磨横田,52
網引,44
田原,45
北条町,528
谷上,26636
新神戸,0
白井,10025
秋山,7247
大町,1683
小室,3900
印旛日本医大,4412
印西牧の原,13713
東松戸,18539
千葉ニュータウン中央,24587
新鎌ヶ谷,22184
松飛台,5116
西白井,12779
京成高砂,0
北国分,8161
新柴又,4544
矢切,8058
緑地公園,33626
桃山台,39115
千里中央,89895
江坂,0
四十万,253
鶴来,1102
日御子,180
額住宅前,357
西泉,244
野々市,112
馬替,265
新西金沢,1107
井口,269
押野,71
野々市工大前,553
乙丸,435
野町,1712
道法寺,279
小柳,71
曽谷,71
磯部,108
七ツ屋,56
三口,92
蚊爪,361
三ツ屋,871
上諸江,398
北間,68
大河端,62
割出,399
北鉄金沢,4412
粟ヶ崎,37
内灘,2742
六渡寺,98
高岡,1239
米島口アルビス米島店前,264
志貴野中学校前,338
急患医療センター前,89
新吉久,113
坂下町,83
広小路,254
市民病院前,202
吉久,83
新能町,104
荻布,66
片原町,139
旭ケ丘,154
江尻,275
能町口,72
中伏木,55
庄川口,115
越ノ潟,166
新町口,230
六渡寺,0
射水市新湊庁舎前,413
東新湊,84
海王丸,72
中新湊,213
砂田橋,2315
川宮,1240
川村,995
小幡緑地,1060
白沢渓谷,872
金屋,1260
守山,982
ナゴヤドーム前矢田,1386
大曽根,6117
本郷,23994
星ヶ丘,53076
本山,29827
上社,23166
藤が丘,61206
東山公園,15840
一社,29153
今池,45433
亀島,9212
池下,28179
名古屋,377957
八田,13182
千種,50945
中村公園,25348
中村日赤,9330
覚王山,19814
伏見,96176
高畑,21962
本陣,15545
新栄町,29002
栄,230805
岩塚,15318
日比野,17231
六番町,14398
名古屋港,10861
築地口,9457
港区役所,7249
東海通,13622
金山,0
久屋大通,50483
市役所,42204
平安通,0
栄,0
大曽根,38384
志賀本通,12645
矢場町,63800
上前津,46309
東別院,14432
黒川,28162
名城公園,11046
金山,157456
赤池,19553
いりなか,14039
八事,36456
原,19781
塩釜口,25237
植田,17630
平針,16457
浅間町,9695
鶴舞,27921
丸の内,38986
浄心,14367
川名,11045
大須観音,18497
上小田井,18744
御器所,23266
庄内通,14137
庄内緑地公園,8535
伏見,0
荒畑,8683
上前津,0
砂田橋,14763
茶屋ヶ坂,13892
八事日赤,14686
本山,0
総合リハビリセンター,6385
八事,0
自由ヶ丘,14127
名古屋大学,21696
新瑞橋,26890
ナゴヤドーム前矢田,22802
西高蔵,6568
神宮西,8668
金山,0
伝馬町,14477
瑞穂運動場東,9940
堀田,14843
妙音通,3876
大曽根,0
野並,13590
車道,14220
瑞穂区役所,15421
桜山,24550
吹上,14461
瑞穂運動場西,7184
名古屋,0
久屋大通,0
今池,0
高岳,16953
桜本町,7707
丸の内,0
中村区役所,11623
国際センター,12491
鶴里,5875
新瑞橋,0
御器所,0
平安通,11908
上飯田,5246
江吉良,0
新羽島,0
太田川,0
高横須賀,0
南加木屋,0
富貴,0
坂部,0
成岩,0
巽ヶ丘,0
青山,0
阿久比,0
知多半田,0
植大,0
住吉町,0
半田口,0
知多武豊,0
八幡新田,0
河和口,0
上ゲ,0
河和,0
白沢,0
三柿野,0
市民公園前,0
苧ヶ瀬,0
羽場,0
細畑,0
各務原市役所前,0
新加納,0
新那加,0
手力,0
名電各務原,0
切通,0
二十軒,0
鵜沼宿,0
新鵜沼,0
高田橋,0
名鉄岐阜,0
田神,0
六軒,0
吉良吉田,0
西浦,0
三河鹿島,0
形原,0
蒲郡,0
東幡豆,0
三河鳥羽,0
蒲郡競艇場前,0
西幡豆,0
こどもの国,0
常滑,0
りんくう常滑,0
中部国際空港,0
犬山,0
新鵜沼,0
布袋,0
扶桑,0
石仏,0
江南,0
犬山遊園,0
犬山口,0
岩倉,0
柏森,0
木津用水,0
上小田井,0
下小田井,0
大山寺,0
徳重・名古屋芸大,0
西春,0
中小田井,0
御嵩口,0
明智,0
西可児,0
新可児,0
御嵩,0
富岡前,0
顔戸,0
日本ライン今渡,0
可児川,0
善師野,0
犬山,0
梅坪,0
若林,0
三河知立,0
越戸,0
豊田市,0
竹村,0
刈谷市,0
平戸橋,0
土橋,0
重原,0
刈谷,0
猿投,0
三河八橋,0
上挙母,0
知立,0
吉浜,0
碧南中央,0
碧南,0
北新川,0
高浜港,0
新川町,0
小垣江,0
三河高浜,0
犬山,0
田県神社前,0
間内,0
羽黒,0
小牧,0
味岡,0
小牧口,0
楽田,0
上飯田,0
味美,0
味鋺,0
牛山,0
春日井,0
大江,0
太田川,0
朝倉,0
豊田本町,0
尾張横須賀,0
新日鉄前,0
柴田,0
神宮前,0
長浦,0
道徳,0
大同町,0
名和,0
聚楽園,0
寺本,0
古見,0
蒲池,0
日長,0
多屋,0
西ノ口,0
榎戸,0
大野町,0
新舞子,0
常滑,0
新瀬戸,0
守山自衛隊前,0
喜多山,0
水野,0
尾張旭,0
三郷,0
小幡,0
旭前,0
瓢箪山,0
瀬戸市役所前,0
印場,0
尾張瀬戸,0
大森・金城学院前,0
東大手,0
大曽根,0
矢田,0
尼ヶ坂,0
森下,0
清水,0
栄町,0
新安城,0
西尾口,0
桜井,0
上横須賀,0
堀内公園,0
北安城,0
福地,0
桜町前,0
吉良吉田,0
南安城,0
碧海古井,0
西尾,0
米津,0
美浜緑苑,0
知多奥田,0
上野間,0
野間,0
内海,0
富貴,0
大江,0
東名古屋港,0
江吉良,0
笠松,0
羽島市役所前,0
南宿,0
須賀,0
西笠松,0
柳津,0
竹鼻,0
不破一色,0
甚目寺,0
須ヶ口,0
津島,0
藤浪,0
木田,0
青塚,0
勝幡,0
七宝,0
観音寺,0
萩原,0
二子,0
奥町,0
開明,0
苅安賀,0
西一宮,0
名鉄一宮,0
玉ノ井,0
弥富,0
日比野,0
山崎,0
玉野,0
六輪,0
上丸渕,0
町方,0
佐屋,0
渕高,0
五ノ三,0
森上,0
津島,0
丸渕,0
豊川稲荷,0
諏訪町,0
八幡,0
国府,0
稲荷口,0
黒笹,0
米野木,0
梅坪,0
上豊田,0
三好ヶ丘,0
赤池,0
日進,0
浄水,0
知立,0
新安城,0
牛田,0
左京山,0
豊明,0
有松,0
中京競馬場前,0
一ツ木,0
富士松,0
前後,0
名鉄一宮,0
茶所,0
黒田,0
名鉄岐阜,0
木曽川堤,0
島氏永,0
加納,0
笠松,0
妙興寺,0
岐南,0
今伊勢,0
石刀,0
新木曽川,0
須ヶ口,0
神宮前,0
西枇杷島,0
呼続,0
本笠寺,0
新清洲,0
鳴海,0
新川橋,0
東枇杷島,0
山王,0
堀田,0
栄生,0
二ツ杁,0
名鉄名古屋,0
金山,0
本星崎,0
丸ノ内,0
桜,0
大里,0
奥田,0
国府宮,0
豊橋,0
男川,0
名電山中,0
東岡崎,0
伊奈,0
名電長沢,0
御油,0
岡崎公園前,0
美合,0
本宿,0
藤川,0
宇頭,0
矢作橋,0
小田渕,0
名電赤坂,0
国府,0
名古屋,36200
荒子,4600
中島,5600
名古屋競馬場前,6700
南荒子,2900
稲永,5200
野跡,2000
荒子川公園,6300
金城ふ頭,8500
ささしまライブ,5400
小本,2800
東野,43
明智,307
花白温泉,22
岩村,202
山岡,138
野志,8
恵那,769
飯沼,24
飯羽間,53
阿木,389
中三依,26
川治温泉,57
男鹿高原,2
会津高原尾瀬口,524
川治湯元,137
上三依塩原,37
新藤原,1009
龍王峡,111
湯西川温泉,205
西滝沢,63
矢島,311
久保田,13
吉沢,33
子吉,16
羽後本荘,293
前郷,161
鮎川,44
黒沢,12
曲沢,1
川辺,53
薬師堂,88
黒部平,3288
立山,3662
黒部湖,3288
美女平,3662
室堂,3145
大観峰,3145
六甲山上,660
六甲ケーブル下,778
甘露寺前,613
西山口,290
交通センター前,238
日前宮,730
伊太祁曽,808
岡崎前,1002
山東,74
竈山,529
吉礼,446
貴志,1397
神前,628
田中口,173
和歌山,4742
大池遊園,212
掛川,0
新鎌ヶ谷,40389
押上,120785
白金台,18193
目黒,0
桐生球場前,157
北内,190
太子堂,7354
東北福祉大前,6866
平田,3040
野田新町,0
さくら夙川,16336
美田園,1260
仙台空港,5259
杜せきのした,3220
名取,0
彩都西,9567
豊川,3223
新森古市,7571
今里,0
井高野,7131
瑞光四丁目,9670
だいどう豊里,9815
太子橋今市,0
清水,5815
関目成育,6864
蒲生四丁目,0
鴫野,9661
緑橋,0
なにわ橋,2271
渡辺橋,8322
大江橋,4790
中之島,8667
ドーム前,9547
九条,13383
西九条,35936
桜川,5548
国際会議場前,225
大手モール,271
グランドプラザ前,628
九州鉄道記念館,377
出光美術館,49
ノーフォーク広場,19
関門海峡めかり,356
渋谷,0
明治神宮前,0
新宿三丁目,0
東新宿,41695
北参道,23969
西早稲田,38739
雑司が谷,18381
太秦天神川,16608
西大路御池,11920
日吉,82039
日吉本町,16102
高田,15565
東山田,10543
北山田,28125
センター北,0
センター南,0
川和町,8348
中山,30341
見沼代親水公園,13013
舎人,8173
舎人公園,4496
西新井大師西,11701
江北,10177
高野,5862
足立小台,3938
谷在家,9892
扇大橋,9565
西日暮里,29150
赤土小学校前,5016
熊野前,9532
日暮里,51496
新加美,4453
JR長瀬,6628
JR俊徳道,8147
JR河内永和,12844
高井田中央,10430
南大高,0
千曲,993
広木,0
ししぶ,0
久留米高校前,0
西大宮,18374
西府,20556
桂川,29854
城見ヶ丘,33
南桜井,0
嵐電天神川,4655
梶栗郷台地,729
須磨海浜公園,13338
はりま勝原,10378
西川原,7438
和木,2021
島本,13157
婦中鵜坂,407
歓遊舎ひこさん,0
小村神社前,148
越谷レイクタウン,51060
スクリーン,675
末広町,163
四季の郷,32
八ツ島,431
日華化学前,296
東中央町,169
都筑ふれあいの丘,21076
勝田,1239
日工前,33
金上,132
中根,15
那珂湊,676
殿山,168
平磯,214
磯崎,123
阿字ヶ浦,79
米子空港,344
極楽,78
大森,33
ひこね芹川,206
武蔵小杉,0
スポーツ公園,35
摂津市,11506
新宮中央,0
紫,5977
神村学園前,0
成田湯川,1431
山口団地,19
新鳥栖,0
筑後船小屋,0
鳴子北,9998
相生山,8135
神沢,6294
徳重,19334
七戸十和田,1526
新青森,0
熊本,0
新玉名,0
新大牟田,0
筑後船小屋,0
久留米,0
新鳥栖,0
博多,0
桑名,0
播磨,443
下深谷,1029
下野代,425
多度,957
美濃松山,763
石津,413
美濃山崎,141
駒野,880
美濃津屋,325
養老,646
美濃高田,892
烏江,900
大外羽,722
友江,403
美濃青柳,491
西大垣,334
大垣,7687
室,625
北大垣,379
東赤坂,398
広神戸,933
北神戸,590
池野,842
北池野,515
美濃本郷,568
揖斐,1478
雲泉寺,259
乙原,259
伊賀神戸,2734
比土,19
上林,35
丸山,50
依那古,95
市部,207
猪田道,76
桑町,470
茅町,752
広小路,158
上野市,1828
西大手,169
新居,117
伊賀上野,479
丸の内,0
西町,0
羽田空港国際線ターミナル,26036
羽田空港国際線ビル,10021
ゆめみ野,1646
泰澄の里,60
清明,90
富合,0
成田空港,0
空港第2ビル,0
伊賀神戸,4671
印旛日本医大,0
千葉ニュータウン中央,0
新鎌ヶ谷,0
東松戸,0
京成高砂,0
体験坑道,108
青函トンネル記念館,108
東神奈川,0
小牧原,0
ほうらい丘,0
もたて山,0
吉川美南,8324
相見,0
南阿蘇白川水源,1
和歌山大学前,8878
粟生,2763
粟生,1736
粟生,0
新庄田中,137
中町（西町北）,641
田んぼアート,30
新相ノ木,126
西山天王山,11508
綾川,1331
碁石海岸口,0
筒井,1479
高田の鉄橋,64
奇跡の一本松,0
佐野のわたし,102
木古内,0
妙高高原,0
長野,41292
直江津,0
市振,0
倶利伽羅,0
女川,412
石津北,341
飯山,0
上越妙高,4074
上越妙高,0
糸魚川,1071
黒部宇奈月温泉,1804
富山,16242
新高岡,4089
金沢,0
新黒部,368
天童南,0
新高岡,4089
新白島,22088
富山駅,5093
森町病院前,81
陽羽里,24
新白島,12328
東名,0
野蒜,192
北森,0
七百,0
ひがし野団地,0
工業高校前,0
北里大学前,0
三農校前,0
柳沢,0
三沢,0
十和田市,0
古里,0
大曲,0
高清水,0
屋代,0
象山口,0
岩野,0
雨宮,0
綿内,0
信濃川田,0
若穂,0
東屋代,0
金井山,0
大室,0
須坂,0
井上,0
松代,0
茂市,0
岩手和井内,0
岩手刈屋,0
中里,0
岩泉,0
押角,0
岩手大川,0
浅内,0
二升石,0
八ツ森,0
西仙台ハイランド,0
田子倉,0
柿ノ木,0
竜飛海底,0
吉岡海底,0
知内,0
吉堀,0
神明,0
江差,0
桂岡,0
上ノ国,0
中須田,0
湯ノ岱,0
宮越,0
渡島鶴岡,0
ベイサイドアリーナ,0
高田病院,0
長部,0
高田高校前,0
金沢,0
大阪難波,168492
石巻あゆみ野,0
小田栄,0
東姫路,2168
摩耶,9613
西熊本,0
奥津軽いまべつ,66
木古内,134
新函館北斗,1266
新青森,0
天満橋,0
まつもと町屋,208
大船渡魚市場前,0
八木山動物公園,10884
青葉山,7692
川内,6714
国際センター,6778
青葉通一番町,13500
大町西公園,4424
仙台,0
宮城野通,5812
連坊,6712
薬師堂,10450
卸町,7328
六丁の目,5794
荒井,5468
狸小路,3458
狸小路,0
プレイピア白浜,0
寺家,2464
河戸帆待川,1979
あき亀山,1108
十府ヶ浦海岸,9
四十九,0
JR総持寺,9974
衣摺加美北,2697
高岡やぶなみ,96
郡山富田,0
ソシオ流通センター,689
東武ワールドスクウェア,0
撮影所前,607